name,age,street,city,state,zip,lng,lat
Brian Castro,18,09942 Spencer River,Greggshire,Vermont,38216,-33.059534,50.4823035
Chelsea Morgan,18,7685 Henry Meadows Suite 179,Lake Ernest,Pennsylvania,84648,48.498490,48.2093535
Anita Baker,18,60522 April Divide Apt. 968,Port Sara,Arkansas,99622,81.241674,-65.4712225
Lisa Dominguez,18,02707 Crawford Extensions Suite 744,Lewiston,Connecticut,78168,51.310836,53.727312
Jeffrey Smith,18,05404 Collins Unions Apt. 593,East Georgefurt,Alabama,47117,50.552861,-52.2981305
Kelly Torres,18,437 Mason Common,Reyesburgh,California,21570,-162.619575,-88.965898
James Nguyen,18,92552 Cassandra Cliffs Apt. 014,Kennethbury,Tennessee,03053,92.652959,51.5243275
Dr. Amy Barron,18,197 Kevin Vista Apt. 445,West Christopherland,Arkansas,76534,42.011999,-64.825897
Michael Goodman,18,71738 Klein Fall,Lake Bradleyburgh,Alaska,56679,84.740858,43.6654855
Michael Miles,18,62313 Virginia Ferry,West Emily,Georgia,09122,2.726907,-48.059357
Colton Johnson,18,0259 Murray Square,Hillfurt,Alabama,12110,121.458690,-63.6448055
Laura Gonzalez,18,197 Eric Stravenue Suite 325,East Anthony,Minnesota,14278,87.381686,61.0054665
Rhonda Bell,18,6397 Li View Apt. 065,New Kariview,Kansas,64206,97.313635,-79.3070045
Stephanie Larson,18,8836 Wise Forest Apt. 962,North Alexander,Maryland,09563,-38.416884,1.442547
Brian Miranda,18,6807 Colon Trail Apt. 421,Christinahaven,Arkansas,30089,162.596261,53.136288
Natalie Harvey,18,99585 Emily Drive Suite 874,South Robertmouth,California,64105,161.930484,68.204973
David Jackson,18,748 Wright Lodge,Sophiafurt,Delaware,97081,-86.755678,-5.4658395
Sarah White,18,59566 Walls Spurs Apt. 095,Karenfurt,Vermont,14752,-160.606783,9.4279585
Melanie Garcia,18,847 Carpenter Drives Apt. 801,Lake Rileymouth,North Carolina,61595,-26.204753,-35.214761
Taylor Lamb,18,006 Robin Haven,Jensenborough,Louisiana,06787,126.052251,-72.273218
Krystal Evans,18,79763 Smith Mill,Anthonybury,South Carolina,58851,-65.353166,-73.920620
Maureen Castro,18,1550 Chavez Roads,Martinport,Pennsylvania,35294,42.198039,-77.775543
Jennifer Frey,18,2374 Kimberly Hills Apt. 401,West Teresa,Missouri,99605,-133.881668,-56.4231795
Eric Peterson,18,6438 Marshall Parks Suite 600,Lake Joannefurt,Kansas,01332,10.470932,-68.682921
Kyle Farmer,18,5586 Thompson Knolls Suite 903,South Sarahview,Arkansas,54516,-71.864418,-55.195951
William Jones,18,74694 Stephanie Station,Timothytown,Alabama,76933,-24.986564,-72.858028
Daniel Lopez,18,4976 Robert Locks Suite 553,Lake Brenda,Montana,07112,-101.161940,-37.278064
Angel Ellis,18,6610 Ritter Camp Apt. 441,Wilsonbury,Illinois,29131,-124.276718,56.1751555
Juan Gallagher,18,22634 Hamilton Road Suite 134,Aimeeburgh,New Hampshire,13472,-34.008948,-21.556136
Frank Day,18,58418 Tony Villages,West Nicole,Oregon,96814,-1.310922,43.876472
Samantha Davis,18,913 Solomon Plaza Suite 503,New Brittney,Oklahoma,67203,-87.140277,82.1486785
Cathy Frey,18,945 Todd Shores,Anafort,Nevada,39904,137.544934,58.199573
Cody Lang,18,78678 Sarah Well,North Christopherburgh,New Mexico,36090,52.281128,45.1222675
Heather Martin,18,2318 Miller Ways Suite 013,North Georgestad,Wisconsin,26722,169.087153,-39.557406
Nathan Thompson,18,470 Jones Course Suite 695,Millsborough,Kentucky,29347,53.760309,79.6009455
Jesse Reynolds,18,7496 Holt Walks,East Jeremyville,New York,08835,69.611024,84.798188
Lisa Wood,18,636 Pittman Plain,Port Kent,Mississippi,17876,41.063342,-10.975444
Scott King,18,504 Jenny Trail,South Oliviachester,Hawaii,10371,33.206439,29.1485105
Kimberly Mendoza,18,772 Smith Passage Suite 311,South Sharonview,Pennsylvania,43315,-148.151052,-10.9152985
Cynthia Ferguson,18,311 Patrick Locks,Rodneyside,North Carolina,39604,-61.597148,-58.8060115
Kimberly Barrett,18,72826 Beard Point Apt. 747,Lake Jill,Indiana,51841,-39.090156,-7.0316165
Lisa Armstrong,18,463 Benton Expressway,Goodport,Michigan,68170,-157.414926,10.272154
Summer Austin,18,5617 Miller Parkways Suite 990,West Brandonhaven,Hawaii,25888,-56.253237,-42.386141
Rebecca Gomez,18,62690 Craig Fords Suite 940,North William,Minnesota,59736,-16.515066,71.1139745
Dr. Kimberly Wiggins,18,78507 Wilson Skyway Apt. 576,Burgesschester,Arizona,54840,125.139144,43.0822365
Robert Martin,18,7290 Judy Coves,Angelicaburgh,South Carolina,29791,-177.195285,73.6702265
Luis Alvarez,18,4623 James River,South Donaldborough,New York,85201,113.500351,38.649964
Brian Juarez,18,618 Denise Canyon Suite 068,Jacksonborough,Rhode Island,49950,73.428635,70.9936605
April May,18,0182 Wheeler Lake,New Patriciafort,South Carolina,37709,31.176793,32.449709
Mark Martinez,18,4188 Carol Plain,Annemouth,Connecticut,40827,152.860577,-69.359842
Brenda Valdez,18,613 Hart Coves,New James,North Dakota,06488,118.100589,35.5972605
Edward Hull,18,815 Amber Valley Suite 100,Port Larry,Indiana,16420,126.922279,71.7720635
Daniel Smith,18,99364 William Corners,North Adriennefurt,Arizona,09154,36.608049,69.5135815
Kara Davis,18,21920 Edwards Port Suite 883,Ericastad,Nevada,79753,83.251056,-71.283969
Gregory Gillespie,18,9340 Conway Dale Apt. 994,North Carloston,Iowa,68619,54.996493,7.143038
Cheryl Ochoa,18,212 Martinez River,East Randy,Arkansas,15939,-45.817720,57.7907825
Heather Todd,18,67446 Leon Oval,Jenniferville,Indiana,47806,37.794902,-76.8926125
Edward Owens,18,012 Brown Skyway Suite 602,Johnsonton,Wyoming,45302,68.947481,80.0964265
Kimberly Hernandez,18,684 Hernandez Knolls,New Joshuabury,Delaware,45238,114.569507,52.169445
Michael Bailey,18,754 Mendoza Lane,Chambersburgh,Texas,70797,-176.648432,-25.5947255
Pamela Foster,18,97821 Brown Crescent,Coleton,New York,51507,-54.461332,-22.411796
Michelle Jordan,18,802 Ferguson Views,Patelchester,Indiana,03631,-139.517479,42.5244655
Kylie Wright,18,8316 Davis Circle,West Jessica,Pennsylvania,88715,144.644623,88.7297725
Megan Reed,18,5366 Brandon Key,Port Jasmine,Connecticut,57082,175.154818,-85.338892
Christopher Harrington,18,006 Howard Extension Apt. 085,Tonyton,New York,01241,-138.584743,-63.5894205
Bradley Williams,18,01548 Tucker Haven Apt. 878,Mcgrathside,Wyoming,35171,-145.406449,89.420014
Sally Cobb,18,624 Sanchez Bridge Apt. 223,Vazquezville,Oklahoma,72311,-40.000545,-28.414901
Teresa Ward,18,4155 Bullock Mills,Meyerbury,Nebraska,94454,12.567948,-83.520800
Samantha Ashley,18,8942 Ingram Rue,Jacobburgh,Connecticut,39632,-166.825362,-2.505753
Brenda Ramirez,18,3392 Cruz Club Apt. 309,Jordanberg,Louisiana,98464,-179.790209,59.4872385
Timothy White,18,295 Hall Field,West William,New Jersey,12288,105.067469,-45.430994
Jennifer Wallace,18,81407 Kim Grove,Masseyfurt,Maine,18436,-151.910504,10.198587
Jennifer Mcneil,18,0703 Amanda Mall,East Denise,Kansas,36362,-64.632927,2.618293
Gregory Bates,18,6076 Phillip Extension Suite 403,West Erica,Wyoming,86251,37.132021,-22.8724245
Krista Weber,18,35207 Shannon Row,Kelseyton,Colorado,76606,-162.827094,3.7912865
Kim Sanchez,18,9966 Andrew Dale Suite 773,Silvamouth,Virginia,76619,71.123645,-74.8664315
Amanda Aguirre,18,163 Brian Highway,Erikahaven,Idaho,89745,-43.068731,-63.4466635
Cheryl Simpson,18,14336 David Brooks Apt. 806,New Markside,Kansas,84895,129.903795,-83.8425435
Darrell Hawkins,18,5929 Mccullough Shores Apt. 266,Hoffmanfort,Ohio,54897,109.818609,-2.4803885
Nicholas Bennett,18,646 Joseph Path,Masonton,South Carolina,88993,13.689116,-77.3937735
Diane Cooper,18,389 Carrie Ridges,West Valerie,Maine,08779,-29.836359,12.0407215
Ryan Ward,18,529 Stephanie Unions,Amychester,Iowa,42369,-88.247712,85.047537
Chad Yang,18,314 Beverly Shoals,Nancyberg,Oregon,32880,-114.810930,67.130782
Wayne Koch,18,68616 Jocelyn Key,West Jeffreymouth,South Dakota,47656,65.186280,-21.1986685
Elizabeth Branch,18,004 Rick Ridges Suite 352,West Fredborough,Rhode Island,40071,-164.253350,87.238210
Logan Benson,18,00489 Emily Track Apt. 113,West Coletown,Delaware,21295,-119.758850,-80.3737365
Richard Mejia,18,516 Mandy Walks,Ashleyborough,West Virginia,52677,-164.165493,-53.1733995
Jeffrey Mercado,18,2165 Chad Isle,West Loganville,Maryland,02275,-136.195150,-11.369846
Joseph Norman,18,219 Lewis Parkways,East Rebekahside,New Mexico,70259,-60.825669,-87.439610
Donna Blankenship,18,4264 Rita Loaf,Claytonview,Georgia,36878,-152.304006,-44.3939855
Justin Scott,18,68567 Edward Drives,South Angelaview,North Carolina,64506,-145.749315,-37.9613355
Karen Johnson,18,0396 Todd Parkways Apt. 854,New Stephanie,Indiana,68061,133.873880,12.279859
Edward Moss,18,13360 Beth Islands Suite 894,Johnbury,Idaho,49290,73.810329,-80.9411045
Jessica Madden,18,3743 Gomez Mountain,Ruizland,Hawaii,66664,-79.718619,32.269286
Jill Salazar,18,7433 Lewis Park Apt. 166,South Davidside,Florida,18458,-6.867988,62.350936
James Bradley,18,04966 Karen Parkway Apt. 398,Lake Jeremy,Montana,25267,121.373106,-70.9327775
Mark Burke,18,15816 Amber Squares Apt. 670,Huangshire,Nevada,38488,117.999989,-29.5571135
Kevin Myers,18,422 Arthur Walk,Lovechester,Arizona,38160,-118.113102,-24.574061
Ms. Cathy Rose,18,2366 Mark Centers Apt. 680,New Monicaland,Minnesota,29904,22.040350,80.8048345
Cody Smith,18,41200 Connor Ferry,North Rachel,Maine,67129,141.517318,-73.208863
Stacy Hudson,18,23228 Timothy Ridges,South Judithburgh,Nebraska,85787,3.983236,-79.1244095
Robert Williams,18,83653 Wells Keys,North Adam,Wisconsin,52841,-98.133001,-5.206977
Jonathan Reed,18,121 Michelle Knoll Suite 177,South Adam,Utah,72659,-117.193956,-0.857636
Patrick White,18,395 James Garden Suite 139,Loweside,South Carolina,87757,-157.558329,-14.626527
Nicole Roberts,18,79041 Crystal Mews Apt. 674,East Kennethview,Pennsylvania,83645,-91.832840,-53.449189
Patricia Green,18,27907 Jeffrey Dam Suite 628,Rebeccaborough,Missouri,37303,-94.191151,-77.8016725
Melissa Young,18,6493 Valentine Ridges,East Erica,Colorado,81869,38.583933,-75.4853705
Christopher Combs,18,948 Kelly Estate,Candiceburgh,Utah,87951,9.653570,-44.108459
Darryl Webb,18,828 Bernard Drive,Rogersmouth,Mississippi,48046,38.350226,-76.425965
William Higgins,18,134 William Camp,East Jenniferbury,Maine,42025,11.590218,-59.755119
Travis Hughes,18,02260 Amanda Row,Jonesview,Kansas,86736,154.121614,0.429173
Krista Martinez,18,6775 Patton Pines,South Aliciatown,Oklahoma,51615,107.333527,-18.0464555
Robert Palmer,18,48014 Dana Mall,Georgehaven,Missouri,16340,150.325512,-40.723569
Patrick Fowler,18,92491 Joseph Field,Ramirezborough,Delaware,52363,104.403110,-11.6287865
Cheryl Roberts,18,931 Sweeney Avenue,Armstrongfort,Alaska,26981,129.884545,-3.230569
Ana Watts,18,8757 Johnson Hills,Johnnyville,Ohio,31228,-81.925965,-87.7589685
Erica Glover,18,70005 Raymond Views Suite 065,North Andrew,North Carolina,71545,49.207555,62.712275
Patricia King,18,5332 Armstrong Mountains,North Victoriatown,Oklahoma,26947,-70.187046,26.486099
Gabrielle Lane,18,660 Wood Spring Apt. 483,Ericberg,Iowa,37116,-126.494890,-45.6376785
Christian Hall,18,3331 Barbara Motorway,Port Marie,South Carolina,18233,84.013633,-25.7478005
Melissa Everett,18,886 Albert Mountain Apt. 344,Port Christopherburgh,Rhode Island,28152,14.631402,-63.9699495
Justin Johnson,18,282 Gibbs Unions Apt. 872,North Amanda,Mississippi,67047,-163.730266,-77.674176
Chris Ruiz,18,00874 David Ports Suite 007,West Alisonview,Alabama,76653,2.015249,22.8936705
Dorothy Brown,18,822 Kevin Circles Apt. 886,Alexisborough,Kansas,99673,33.714803,69.570734
Denise Buckley,18,35736 Emily Passage Suite 853,Greenmouth,Illinois,83023,67.035031,-56.1612015
David Thompson,18,274 Zimmerman Flat Apt. 198,Lake Ashleyborough,Massachusetts,28127,136.370603,47.8177555
Mackenzie Richardson,18,86992 Hernandez Mills Apt. 949,Lake Johnfurt,New York,41489,-61.155034,63.6891345
Shawn Parker,18,96571 Rhodes Plains Suite 973,Macdonaldburgh,Kentucky,34069,174.487067,48.080176
Luis Burton,18,03073 Matthew Points Apt. 951,North Stevenstad,Hawaii,82014,-160.294995,-62.708100
Stephanie Benjamin,18,398 William Hills,Vanessaville,Indiana,82125,9.849954,82.447931
Mary Sanders,18,751 Walsh Pass,Jacquelinehaven,Florida,58166,68.818298,-65.2946095
Albert Martinez,18,557 Clark Loaf,New Stacy,New Mexico,30079,-117.320431,-11.3658575
Cindy Campos,18,5271 Gillespie Summit Apt. 373,Lake Michelleport,Indiana,49049,-101.187827,61.6078385
Ryan Rodriguez,18,1939 Morgan Expressway Apt. 598,Houstonhaven,Ohio,92489,-161.308698,-7.9331385
Andrew Murray,18,26983 Gonzalez Hollow,Erikaburgh,Oklahoma,84302,-112.329135,68.6572065
Krista Parker,18,672 Scott Forest Suite 888,Jenniferhaven,Illinois,10092,-104.329325,76.018130
Stephanie Rodriguez,18,329 Gonzalez Fall,Port Bethanyberg,Oregon,32523,-163.022601,65.7126975
Susan Ramirez,18,703 Willis Ridges Suite 122,East Margaret,Mississippi,85287,-125.601678,-33.5371645
Joanne Phillips DVM,18,890 David Crossroad Suite 183,New Valerie,South Dakota,48382,139.658083,-12.095821
Kevin Harris,18,1414 Veronica Rest,West Sarahfurt,Vermont,80295,-155.693221,-22.8354955
Destiny Wiley,18,21945 Schwartz Views,Theresamouth,Illinois,28640,97.290695,-5.632923
Cheryl Patel,18,86287 Abigail River Suite 971,Royfurt,Colorado,13516,-7.937543,-15.107080
Donald Ramirez,18,960 Levy View,Rogersbury,Mississippi,56884,-45.809393,-81.6545615
Amy Dawson,18,052 Phillips Freeway Apt. 462,Lake Donaldfort,Florida,55231,72.156852,-65.913104
Jason Peterson,18,2853 Jesse Extensions,South Aimee,Pennsylvania,50259,70.094764,-49.095090
Christopher Fry,18,51564 Turner Cape Suite 773,East Rachel,South Dakota,17865,-134.367967,-11.770011
Mark Logan,18,0606 Lisa Square Apt. 838,Robertview,Idaho,83362,-71.802284,5.5811955
Bobby Griffin,18,391 Dalton Crest,Courtneyshire,Iowa,55153,-93.605754,-11.1662265
Joseph Chapman,18,85103 Robert Estates,Christophermouth,Texas,76091,143.202806,-70.7563495
Eugene Mccoy,18,2442 Garcia Mews,Lake Daniel,New Jersey,12206,-42.650263,-72.019870
Jessica Smith,18,2710 Andrew Manor,Danaview,Massachusetts,30510,105.085431,-3.7298085
John Williams,18,8393 Dudley Meadows,Barbaratown,Oregon,09548,90.734472,64.586081
Wendy Green,18,7354 Moore Shoal,Tommyside,Pennsylvania,58604,15.132447,16.354868
Katherine Lopez,18,097 Day Stream,New Raymond,Kansas,07984,24.992587,37.2041265
Robin Valentine,18,2858 Michele Estates,Brownmouth,West Virginia,86857,-80.229441,52.653666
Michael Newman,18,293 Heather Divide,North Chadbury,Kentucky,90383,173.703214,-6.7785385
Sean Lane,18,4110 Stephanie Place Suite 083,West Carrie,South Carolina,80143,-86.718246,46.583456
Katelyn Clay,18,6953 Johnson Lock Suite 493,East Haleyview,Virginia,16426,109.112309,0.8223475
Kimberly Parker,18,3727 Johnson Junctions Apt. 761,Port Carolview,Michigan,49720,53.697104,-74.4563065
Sara Larson,18,869 Taylor Plains,Staceymouth,Maine,64945,-149.651126,-63.3354975
Jaclyn Allen,18,8500 Kevin Extensions,Danielchester,Kentucky,90345,32.497853,22.1420525
Ashley Sanchez,18,689 Young Road,West Jeremyport,Washington,66703,85.633255,-66.6275565
Melanie Gordon,18,48888 Matthew Lock,Baileyside,Texas,94691,-169.939757,-25.624033
Jordan Anthony,18,83926 Tiffany Forks Suite 476,North Sheilaborough,Tennessee,95362,-97.713737,21.082796
Jacob Carrillo,18,18373 Kenneth Wells,New Deannatown,Oklahoma,39059,82.928700,-67.2690845
Alicia Marshall,18,84270 Connie Islands Suite 704,Port Jamesstad,Wyoming,61025,1.075954,-32.2302445
Kerry Gonzalez,18,20197 Mcdonald Route,Kimberlyside,Utah,16359,-79.050115,-31.709193
Lauren Jackson,18,28556 Finley Ways,Stacyland,Utah,66766,99.428356,73.9738315
Tracy Fowler,18,02762 Seth Dale,Morenoton,California,87687,-115.262275,58.1964425
Carly Reid,18,00390 Morgan Freeway Apt. 359,North Jennifer,Indiana,79803,25.012642,-53.469739
Kevin Horne,18,0335 Sullivan Forges Apt. 654,Kellyhaven,California,14866,-96.933592,79.562358
Lori Nelson,18,9754 Kim Run,North Derekmouth,Florida,29127,-133.413871,37.869200
Laura Cunningham,18,8595 Rodgers Throughway Apt. 877,Davismouth,North Dakota,12865,-29.999525,14.713107
Zachary Shah,18,74125 Jesus Port,Bonillaland,New York,79727,45.291430,-41.8325885
Mrs. Cheryl Vaughn DDS,18,087 Christine Mount,East Karenchester,Oklahoma,52508,160.828491,16.020454
Nathan Wood,18,08458 Delgado Gateway Suite 677,Port Pamelaberg,Iowa,46495,133.601963,64.016659
Heather Walter,18,86315 May Islands Suite 211,Williamfurt,Alabama,84650,119.533081,-88.9869705
Kathryn Jarvis,18,113 Cline Squares,Brownfurt,Alaska,79224,-3.530012,-21.065472
Dominique Hernandez,18,065 Higgins Vista Suite 782,Lake Craigside,Illinois,20554,26.195074,7.678461
Susan Simmons,18,8784 Casey Shoals,Judychester,Arizona,29204,-65.339612,-82.180235
Amy Dennis,18,7448 Warner Trafficway,Lake Maria,Alaska,55339,48.310441,29.8327685
Joshua Mcmillan,18,736 Jefferson Port,Brendamouth,Rhode Island,76849,99.762902,59.349448
Jon Rodriguez,18,5620 Davis Mall Suite 538,South Adam,Utah,09956,21.180414,5.941506
Elizabeth Price,18,97510 Johnson Park,Karenchester,Arizona,92075,-151.302385,-71.5073185
Kristen Myers,18,780 Martinez Views,Howardtown,Mississippi,21085,48.427601,-19.7022345
Cathy Mcgee,18,174 Mcguire Corner,New Biancabury,Missouri,36264,-68.153365,-26.229648
Brandon Brown,18,00735 Hamilton Turnpike,New Lisa,Wisconsin,70279,-5.528659,76.6330795
Joseph Klein,18,4764 Hunter Canyon,West Rickyland,Idaho,81609,40.701257,37.6198595
Rebekah Schroeder,18,7642 Mason Greens Suite 224,Levytown,New Mexico,02403,-19.064955,-52.2172775
Ashley Jenkins,18,76235 Taylor Roads,Taramouth,Pennsylvania,25808,47.010389,66.132888
Kathryn Carter,18,13449 Jerry Estates,Adamstad,Massachusetts,60236,27.487781,59.978233
Katie Elliott MD,18,8997 Ayers Garden,Lake Tarashire,Georgia,68569,-34.983908,-70.8153925
Victor Dorsey,18,6833 Tucker Rue,West Katelyn,Louisiana,43200,-9.434056,-56.974170
Savannah May,18,63914 Joseph Rapids,North Darryl,Colorado,40880,134.717875,77.274308
Caleb Maddox,18,75863 Savage Causeway,Phillipsborough,Kentucky,33295,161.351673,-75.7942045
Anthony Herrera,18,130 Anderson Stravenue,East Rachel,New Jersey,11429,127.305621,40.771796
Kristi Harris,18,97453 Kayla Fields Apt. 052,New Edward,Iowa,01779,161.135203,-70.7602775
Briana Blackwell,18,4359 Gonzales Avenue,Bruceborough,California,22089,154.482473,34.686401
Martin Hardy,18,430 Kathleen Shore Suite 744,West Kevinport,Hawaii,44349,101.694137,40.2956585
Logan Pacheco,18,1156 Sandra Terrace,New Brandontown,Mississippi,63674,152.466300,-73.6539915
Justin Castro DDS,18,36688 Nathan Views Suite 439,Melissaborough,Wisconsin,24370,-61.724947,46.5965095
Valerie Harris,18,9346 Angel Ramp Suite 588,South Marisaland,Alabama,05946,30.654153,-68.0454725
Colleen Maxwell,18,932 Hill Mews,Lake Melissa,Tennessee,14873,-95.893041,-60.7000575
Thomas Rivera,18,956 Bradley Freeway,Lake Williamton,California,35834,-130.700260,-25.635623
Karen Chambers,18,46679 Cooper Vista,Taylorburgh,California,34602,69.585140,-25.914690
Joseph Townsend,18,949 Robyn Ramp Suite 992,Port Heather,Maine,23684,-159.031888,18.001948
Joshua Huff,18,856 Stephanie Stravenue,South William,Alabama,55834,-8.526899,-80.1069415
Stephen Lambert,18,0675 Alyssa Cliff Suite 576,Johnsonville,Rhode Island,11994,69.679417,28.7034115
Meghan Frye MD,18,7185 Anthony Lane Suite 543,Allenbury,Michigan,42111,34.692582,80.2051995
Stephanie Goodman,18,36153 Sanders Via Apt. 578,Pittsport,Montana,81618,-50.701395,-73.406615
Mary Morrow,18,73773 Myers Stream,New Michael,Arkansas,07690,-139.918180,-27.3083315
Laura Anderson,18,515 Joshua Rapids,Laurenside,Kentucky,87727,90.997049,85.727195
Paul Duncan,18,5193 Contreras Islands Apt. 114,Jameschester,South Carolina,15113,-70.048379,23.8056355
Christopher Moore,18,953 David Trafficway Apt. 296,Dannystad,Alaska,23076,-132.998329,-5.964238
Matthew Miller,18,95111 Matthew Route,Choiberg,Illinois,70226,-18.085906,74.5662875
Julie Thompson,18,260 Mclaughlin Terrace,Stephaniemouth,Arkansas,27933,-146.177174,21.889621
Mrs. Elizabeth Marks,18,336 Andrew Forks Apt. 291,Lake Amandaburgh,Illinois,40296,98.123575,81.139285
Eric Bryan,18,312 Vickie Heights Suite 097,North Annettemouth,Delaware,71218,-101.137763,-54.6397655
Taylor Potts,18,07840 Avery Rue Apt. 208,South Edward,New Jersey,90724,154.336360,4.7358965
Andrew Saunders,18,3495 David Trail Apt. 309,Margaretfort,Indiana,51273,7.589139,18.3592495
Chelsea Parker,18,24262 Thompson Ridges Suite 853,Williamsstad,California,83420,112.814329,-17.791777
Morgan Simmons,18,705 Catherine Dam Suite 481,Moorechester,California,90821,-159.380914,-67.7437825
Barbara Castillo,18,982 Garcia Plains,Gabriellechester,Arizona,81773,-72.788859,5.8765655
Charles Alexander,18,86360 Stacey Village,Jenniferstad,New York,70155,59.083953,-47.510444
Daniel Allen,18,080 Reed Path,East Dennisside,Rhode Island,34074,-111.373562,-23.5736295
Jason Smith,18,4955 Alejandro Viaduct Suite 370,Port Paul,West Virginia,18136,113.258206,-62.6540735
Steve Phillips,18,48673 Anthony Garden Apt. 706,West Sethview,New York,62509,-64.111119,-1.2191135
Daniel Gay,18,768 Timothy Parks Suite 842,Tiffanymouth,Georgia,11825,-6.823920,83.666943
Rachel Glover,18,22456 Megan Ridges Apt. 594,Lake Michael,Georgia,51049,-25.667301,86.700075
Ashley Martin,18,0220 Dustin Lake,Audreybury,Maryland,80067,25.164248,22.493706
Michelle Davila,18,6459 Steven Hills Apt. 926,New Amandafort,Pennsylvania,09906,-2.296637,-59.545766
Julie Williams,18,455 Hughes Wells,Smithport,New York,20893,-92.439749,33.844651
Rachel Park,18,96852 Flynn Square Suite 142,New Joanport,Wisconsin,34413,162.043434,71.372724
John Bowen,18,80639 Roger Isle Suite 299,Romeroshire,North Carolina,51639,65.917230,-26.7105625
Dr. Richard Kelly DDS,18,9374 Miller Village,Brandonshire,Arkansas,88088,31.180098,40.5575155
Kristin Smith,18,8896 Clark Trafficway Apt. 298,Bridgesshire,Iowa,06057,3.016755,10.2554955
Jason Marquez,18,592 Sonya Extensions Suite 891,Gillespieburgh,California,09456,-49.348891,-89.190603
Crystal Obrien,18,597 Michael Isle,Whiteberg,Oklahoma,34846,-172.076507,67.687649
Brenda Goodwin,18,790 Jackson Points,North Anthony,Indiana,80528,-168.293738,-37.871859
Katie Lynch,18,7335 Jordan Run,New Steven,Utah,49971,40.438995,55.1805295
Kimberly Davis,18,739 Davis Parkway,Perezstad,Indiana,62082,62.475036,-52.3392475
Michael Edwards,18,639 Kristen Tunnel Apt. 269,North Curtisfurt,New Jersey,12069,-58.429374,-88.4139425
Virginia Buchanan,18,242 Caroline Cove Apt. 756,Moralesfort,Alaska,95267,134.916862,-39.0366725
Kenneth Carr,18,27353 Anderson Crest Apt. 577,Lake Christine,Alaska,70977,-118.155813,76.285416
Andrew Dixon,18,5914 Johnson Islands Apt. 499,Michellemouth,Vermont,17922,-24.006719,20.315359
Jennifer Gonzalez,18,00442 Alyssa Road,Angelaberg,Indiana,54910,116.427420,-58.202132
Renee Weaver,18,00813 Davis Branch,Everetthaven,Arizona,73176,-16.149658,-58.245714
Derrick Villanueva,18,75039 Farmer Drive,Davisbury,Oregon,44884,110.224344,-38.9991295
Michael Robinson,18,205 Hodge Underpass Suite 936,Scottchester,Texas,78843,-64.358411,69.504115
Peggy Willis,18,5411 Mills Forge,New Natalie,Arkansas,63839,-40.062239,81.372062
Charles Kennedy,18,97554 David Cliff,Lake Bettyton,New York,57656,102.303388,89.7797185
Cindy Young,18,045 Thompson Hollow Apt. 094,West Stephen,California,85427,174.165420,-83.8470365
Cassandra Montes,18,14102 Valerie Dale Apt. 490,South Alicia,Indiana,71805,-82.635458,89.5167035
Corey Bridges,18,842 Watson Falls Apt. 004,Frederickstad,Minnesota,06208,168.950992,27.1711755
Alison Scott,18,632 Karen Canyon Suite 451,Hallstad,Arizona,08258,-18.491770,23.283802
Meghan Morales,18,80745 Cunningham Courts,Lake Nathaniel,California,15743,146.337670,-26.348089
Linda Cruz,18,5751 Hoffman Unions,Theresaberg,Texas,62808,-45.817964,80.6796315
Caitlin Jensen,18,558 Angela Road,East Kimberlyview,Utah,09458,-114.730336,-80.434203
Kristy Brown,18,61346 Holt Trace,Lambertland,Maine,30613,-125.120923,-1.9838255
Jordan Mitchell,18,86250 Michael Common,East Ronnie,Illinois,36545,15.641110,-55.326406
Christopher Martin,18,4272 Vanessa Forks,Lake Wendyfort,Maine,26610,-113.027987,52.802601
Valerie Williams,18,718 Tran Ford Suite 186,West Dustin,Iowa,67627,147.853759,43.053604
Marcia Mendoza,18,26653 Charlotte Hollow Suite 550,Hardymouth,New Hampshire,28517,66.266036,1.9843635
Keith Moses,18,81137 Gregory Oval Apt. 801,Johnton,New Jersey,54040,-11.960500,89.2315995
Tina Stevens,18,90802 Baker Village,Schultzmouth,North Carolina,75639,-137.310325,28.1821205
Kathleen Benson,18,7400 Adam Trafficway Suite 189,South Ricky,Texas,40408,-25.874917,-54.806580
Jennifer Hall,18,4222 Emily Road Apt. 168,Lake Shannon,North Carolina,70377,-99.892730,-58.4516325
Connie Ewing,18,50826 Kayla Locks,Lake Petermouth,Florida,42876,-29.170915,46.7313825
Jennifer Rodriguez,18,0120 Garrison Crescent Suite 632,East Kelly,Minnesota,73193,109.599571,3.101955
Scott Espinoza,18,36195 Troy Bypass Apt. 924,East Samanthaport,North Dakota,16721,39.217638,83.1611575
Veronica Norman,18,417 Padilla Groves Apt. 912,South Jenniferfort,New Hampshire,53470,-45.778019,-34.2555845
Carolyn Nguyen,18,80073 Martin Viaduct Suite 423,Williamsview,Louisiana,39360,-145.031237,65.960067
Kimberly Coleman,18,4631 Williams Trafficway Apt. 075,Kevinbury,Alabama,73757,36.374776,-87.734573
David Winters,18,45199 Christopher Ports,Isabelview,Georgia,96013,99.782451,21.611834
Patricia Gibson,18,072 Johnson Road,Marthaton,Virginia,00763,3.453385,-55.9763785
Michael Thomas,18,95171 Crystal Village,Hernandezport,Virginia,65265,-19.914468,54.7967205
Bradley Williams,18,51189 Matthew Rapid Apt. 595,West Gregory,Nevada,98913,135.399136,-55.0877685
Jesse Wade,18,94294 Zhang Inlet,Maytown,Michigan,20933,-121.865280,18.1822895
George Rollins,18,94530 Daniel Villages Apt. 620,New Denisetown,North Carolina,20544,-77.638962,67.457034
Tommy Rice,18,6204 Ramos Harbors,Cynthiafort,Rhode Island,89968,-79.098791,-80.287319
Jessica Miller,18,44903 Ann Key,South Kyleshire,Illinois,10571,-152.159042,3.7765995
Jason Hall,18,9157 Jessica Radial,East Joshua,Oklahoma,56860,-84.487818,-64.652602
Eric Nichols,18,87495 Misty Gardens Suite 679,New Steve,Illinois,62356,-16.555135,54.0781645
James Diaz,18,620 Shawn Mountains,West Barrymouth,Michigan,43093,176.345923,-57.7535415
Corey Good,18,8902 Sean Run,Gibsonchester,New York,78823,11.710607,-46.491698
Linda Gardner,18,540 Hampton Walk,Ronaldland,Kentucky,29458,-134.665783,60.5224705
David Guerrero,18,987 Richard Views,Lake Douglasport,Delaware,64935,73.206003,88.6432505
Micheal Reyes,18,0633 James Drive Apt. 728,Lake Amandachester,New Mexico,06087,-78.467948,51.4695945
Joseph Hayes,18,483 Stephanie Glens Apt. 368,South Pamelaside,Texas,96403,-44.159353,55.502312
Carlos Rodriguez,18,83555 Kimberly Burg,Shawnville,Delaware,47613,167.051525,-3.0025415
Brenda Robles,18,098 Andrea Lodge,East Caitlyn,Texas,13509,-61.383375,-30.1963965
Nicholas Wright,18,415 Joshua Highway,Ashleyberg,Vermont,12099,-33.219385,44.0818605
Joel Parker,18,0023 Jackson Stream,South Stacymouth,Washington,67119,143.846566,13.2126825
Linda Alexander,18,0285 Nicole Crescent,New Victor,New Jersey,93894,32.703016,-62.5782125
Jamie Mckenzie,18,19993 Cameron Trace,Mayoside,New Hampshire,94932,-149.120118,29.6698495
Jon Price,18,883 Jones Mills,Aaronberg,New Jersey,17167,33.828233,85.5556485
Stacy Mcguire,18,569 Stephen Trace,West Walterview,Washington,32312,79.996672,9.112595
Michael Vega,18,2788 Lowe Loaf,Jamesmouth,Wisconsin,25920,168.668808,-4.0875055
Rebecca Turner,18,33817 Jason Wall Suite 050,South Richard,Utah,71871,20.395926,1.9385565
Angela Carpenter,18,36530 Peter Mountains Suite 302,Tylerbury,Georgia,78806,-53.976498,16.317886
Darlene Robertson,18,9827 Robert Forest,Port Jacobbury,Montana,42225,-175.614229,73.884727
Katherine Thomas,18,219 Ashley Neck Apt. 207,North Mackenzieside,Alaska,78682,-11.875074,-44.403950
Carlos Williams,18,718 Tracey Lake Suite 363,Steventown,Maryland,70083,73.049433,-67.7123065
John Hernandez,18,336 Parsons Via,North Christopherton,Rhode Island,62813,-109.021119,26.250964
Amy Ramirez,18,8750 Taylor Common,Port Ruben,Rhode Island,39409,26.069396,-13.531351
Kenneth Mason,18,35966 Tyler Manor,Jonesstad,Tennessee,93962,-135.264190,-51.921734
Jessica Hernandez,18,923 Frederick Rapids,Joshuaville,Texas,85104,-72.478815,42.180474
Nathan Collins,18,07582 Wolfe Park,Port Carl,Mississippi,21612,-155.684546,-29.862653
Katherine Suarez,18,98907 Roberto Ford,Timothyburgh,Kansas,57830,-120.931506,-27.3500575
Rebecca Guerra,18,457 Hendricks Causeway,Harrisside,Tennessee,44718,-4.311209,44.663508
Mathew Fernandez,18,1804 Hernandez Meadow,Amandashire,Kansas,67558,31.457190,26.6939635
James Downs DDS,18,78944 Alisha Row,Mariamouth,Colorado,72185,115.868950,22.383209
Lisa Soto,18,2599 Adrienne Stream Apt. 869,West Charlesmouth,South Carolina,45374,149.958736,41.530272
Julie Mccarthy,18,2137 Sharon Trail,South Lawrence,Indiana,22320,-173.313921,-58.530668
Amanda Mckenzie,18,78669 Leon Radial,West Emilyfort,Alaska,53659,-87.575811,66.030723
Linda Harris,18,103 James Forge Suite 031,Perezview,Delaware,47456,-16.816954,67.3584585
Paula Johnson,18,0917 Wright Bypass,South Richardview,Oregon,13828,-56.019802,-39.2248095
Michael Ramos,18,46881 Linda Mall Suite 794,Michelleside,Arkansas,89129,119.123865,-33.632984
Mary Phillips,18,5158 Terri Trafficway Suite 828,New Toddberg,Louisiana,06203,-179.952385,68.8260245
Richard Thompson,18,19337 Johnson Spurs Suite 930,Lake Jose,Oregon,73911,-2.695035,15.0752015
Kevin Cuevas,18,726 Natalie Port Apt. 858,Jacobport,New York,30902,10.280972,-13.912361
Joanne Aguilar,18,91212 Isaac Forest Apt. 706,West Shane,Kansas,61683,-98.165952,-57.501774
Rebecca Rose,18,541 Nicole Islands Suite 611,West Williamborough,Indiana,03671,124.627014,20.895068
Sheri Hughes,18,2324 Robertson Well,New Dannyborough,Delaware,77482,151.325646,-21.643886
Allison Fields,18,7204 Bianca Plains Apt. 621,Joannemouth,Connecticut,30228,-15.105788,-66.405781
Spencer Mccormick,18,916 Nicole Ranch,Port Christopherburgh,Oklahoma,30342,85.467916,32.9597795
Rachel Johnson,18,38825 Jay Prairie Suite 738,Lake Robert,Mississippi,86585,-39.757197,-89.1632425
Heidi Morris,18,5894 Christopher Knoll,Lake Michaelbury,Missouri,15680,159.711625,-53.6927965
Shane Hendricks,18,60503 Li Estates Suite 409,North Stephen,Washington,21213,139.879403,-88.937233
Evan Little,18,70404 Sanchez Corners,East Christopherburgh,Delaware,04691,168.930797,36.2459325
Christine Lynch,18,64975 David Ramp,Lake Brenda,Vermont,05354,-22.948532,-79.3197175
Antonio Ramirez,18,7907 Richard Mill Apt. 182,Juliechester,Rhode Island,66517,88.150428,-37.359631
Nicole Sharp,18,4281 Stone Islands,New Gregory,Washington,03453,-40.735109,25.9568645
Theresa Gray,18,4896 Ashley Mall Apt. 884,Patrickville,Massachusetts,27013,-20.334327,34.0255945
James Smith,18,3908 Freeman Junctions,Maciasmouth,South Carolina,17786,172.598225,-21.370480
Stephen Jefferson,18,6188 James Ramp Suite 109,South Cindy,Illinois,53818,114.478699,43.617831
Mary Bartlett,18,9073 Melton Loop,East Hannahburgh,Iowa,05838,69.284072,-36.8146665
Jared Estrada,18,7414 Harrison Ports Apt. 413,Port Crystalfurt,Arkansas,93157,-80.510308,-43.541786
George Mueller,18,386 Brandon Road,South Paulville,Mississippi,72626,138.225855,-65.586844
Amy Hodges,18,473 Marc Stravenue,East Samanthamouth,Missouri,83882,71.869702,-45.8060745
Lisa Gould,18,80379 Wilson Stream Apt. 978,Juliamouth,Alaska,18345,51.455273,-6.0285975
Tracy Jackson,18,6337 Smith Coves,Travismouth,Missouri,79289,12.228305,2.3700495
Tara Garcia,18,2328 Brian Viaduct Apt. 191,South Michael,Indiana,96936,75.127627,-48.7001415
Holly Carter,18,64499 Daniel Locks,Austinside,Oklahoma,80541,132.120946,17.5875985
Kelly Lee,18,178 Eaton Orchard Apt. 846,East Cassandraside,South Carolina,66650,115.341847,75.8465725
Steven Baker,18,285 Mario Lakes,New Alanville,Kansas,72398,-8.371582,-55.843690
Robert Allen,18,597 Washington Mountain,South Brian,Hawaii,45343,134.443752,34.573655
Mr. Robert Taylor,18,7801 King Spring,New Garyport,Connecticut,35495,9.593556,-35.3067655
Hannah Odonnell,18,757 Hughes Road Apt. 835,Butlerberg,California,07337,118.374885,52.5010895
Gabriel Golden,18,716 Hobbs Freeway,Alvarezborough,Massachusetts,89195,157.914761,9.6145995
Wendy Jones,18,5122 Baker Greens,East Anna,Iowa,43381,-156.495163,51.2679795
Alejandra Morgan,18,382 Monica Extensions Suite 441,East Kimberlyborough,Delaware,54078,99.129629,61.633958
Anne Meadows,18,4163 Smith Brook,Rodriguezborough,Wyoming,33050,25.490584,43.7753515
Luke Jones,18,32250 Andrew Underpass,West Joshuaborough,New Jersey,92386,-14.868988,-53.421444
Lauren Thompson,18,988 Lang Stravenue,Reginaldville,Minnesota,79301,0.165358,43.2778225
Ashley Mejia,18,5059 Tate Landing Suite 802,Antoniobury,Michigan,72536,-60.419473,-2.180019
Lisa Orr,18,284 Stephen Streets Apt. 788,Rickview,Utah,30776,16.072187,-31.478376
Beverly Johnson MD,18,7424 Helen Valleys Suite 994,Patriciachester,Missouri,11596,179.850422,-66.837042
Anthony Rios,18,073 Johnson Fort Suite 665,Christopherton,Maine,57544,-31.987725,-84.287485
Paula Edwards,18,580 Sexton Ridge,South Theresaville,Nebraska,01811,-10.353720,-69.327719
Michael Mcclain,18,6575 Diamond Springs Suite 909,Starkton,Maine,83837,119.040409,-27.9356565
Jennifer Taylor,18,8514 Thompson Keys Apt. 585,Joannachester,Florida,24683,-150.666140,18.2006705
Leon Diaz,18,202 Holmes Valley,Riverashire,Mississippi,12311,-177.107371,55.239305
Ashley Bell MD,18,193 Tonya Lights Suite 769,Karlhaven,Maine,06930,-57.292153,61.4512325
Crystal Larson,18,86810 Howell Meadows,Port Bryanchester,Delaware,61967,122.406773,33.8168125
Micheal White,18,6472 Buckley Land Apt. 319,West Yvonneberg,Iowa,52551,46.869725,-51.2392875
Tiffany Hill,18,99990 James Garden Suite 706,West Timothy,Maryland,43567,-18.459342,44.096831
Janet Stephens,18,6076 Cox Stravenue,Wileystad,Michigan,18436,-112.098212,19.701637
Ashley Davis,18,159 Daniel Brook,East Brandonborough,Pennsylvania,87246,48.390745,-8.4279495
Cody Cuevas,18,69414 Ramirez Flat Apt. 181,North Brendaburgh,California,09953,37.159146,-40.0941715
George Alvarez,18,275 Nelson Run,Torreshaven,Utah,88564,78.228974,84.146249
Sarah Williams,18,165 Gonzalez Forge Suite 411,Port Donald,Missouri,24582,-118.944253,-22.495827
Kevin Jones,18,8195 Tanya Causeway,West Joelfurt,Georgia,10546,-91.384915,-85.2203065
John Simmons,18,73495 Foster Loaf Apt. 205,West William,Virginia,94391,-43.120010,61.461014
Ian Gregory,18,6787 Williams Roads,Glovermouth,West Virginia,26383,172.099235,-19.0257525
Jasmine Russo,18,49051 Johnson Pass Apt. 821,Anthonyberg,Washington,69223,-40.731399,51.696969
Patricia Campos,18,761 Wong Loaf Suite 255,Lake Paul,Wisconsin,76700,128.681329,-36.1746845
Randall Roth,18,564 Medina Springs Suite 250,Morsetown,Iowa,83331,137.627191,1.8693835
Diana Todd,18,884 Wilson Village Apt. 261,Lake Sierra,Washington,50925,64.312701,28.783336
Bruce Smith,18,44005 Shaun Greens Suite 396,East Hannah,Minnesota,03959,-136.581618,-37.364875
Anthony Davis,18,287 Mathews Summit Apt. 947,Port Danielle,Wisconsin,11646,-23.483666,4.1299505
Thomas Mendez,18,909 Dawn Valley Suite 839,West Donna,Maine,79435,-142.928732,-19.139665
Cheryl Harmon,18,9182 Hahn Groves Suite 330,Derrickchester,Wisconsin,50500,-42.158310,38.573350
Julie Norman,18,8332 Macdonald Manor,Martinborough,Florida,77322,-38.401946,88.138966
Erica Smith,18,5134 Todd Run Suite 847,Port Jackie,North Carolina,53729,-2.710662,-80.7762565
Susan Hebert,18,79321 Susan Mills Suite 610,North Jenniferport,Tennessee,66688,79.031281,5.331991
Heidi Lee,18,947 Martinez Inlet Suite 182,Gonzalezbury,Ohio,83023,170.672738,13.3488685
Angela Hubbard,18,1153 Edwards Mountains,New Sean,Oklahoma,69729,-88.215611,10.0971515
Lauren Elliott,18,12825 Roberts Centers Suite 970,Port Kathryn,Arizona,27898,-90.742839,-37.340255
Keith Knight,18,7742 Stephen Square,Millermouth,North Dakota,07795,59.320746,15.5463965
Jessica Jennings,18,9024 Sabrina Views Suite 457,Maldonadofort,Alabama,56356,92.332392,-50.9812915
Jeffrey Ortiz,18,25545 Walker Ports Suite 254,Griffinshire,Hawaii,72225,-40.429659,-1.6794165
Darlene Hamilton,18,744 Davis Drive,West Cynthiaside,Ohio,10280,124.297170,-29.162406
Kimberly Monroe,18,117 Brittany Haven Suite 064,Anthonyborough,Minnesota,72955,-161.460562,26.733838
Gary Ruiz,18,64987 Lopez Valleys Suite 737,Whitneyland,Oklahoma,77071,-55.870741,-34.7724145
Christine Cunningham,18,9525 Tucker Inlet,West Roberthaven,Iowa,44363,15.216104,89.5578615
Crystal Hahn,18,07409 Ball Plaza,South Darrenport,Minnesota,89519,-169.090208,-28.978461
Mr. Shane Blanchard,18,590 Morton Grove Apt. 381,Kimberlyborough,Virginia,30788,165.985548,-5.002297
James Jones,18,332 Davis Forge Apt. 594,Kimberlyton,Hawaii,47737,-75.574216,6.4849595
Shannon Snyder,18,72492 Robert Views,Edwardsmouth,Oregon,02577,149.775737,-64.772860
Alexis Moore,18,6834 Blake Fields,South Lawrenceland,Ohio,49288,40.625397,-67.873679
Tom Cook,18,31981 Allen Place Suite 358,North Timothyport,Maryland,93452,-13.702494,-82.1695865
Aaron Underwood,18,49172 Krueger Hills Suite 194,East Caroline,Pennsylvania,48810,-39.919241,50.217448
Adam Wright,18,402 David Rest,Lake Amanda,Wisconsin,58263,-105.583270,28.749271
James Wood,18,674 Gregory Street,Johnstonton,New Jersey,39767,-135.688623,-15.1914585
Charles Warren,18,465 Lewis Roads,Hahnberg,Nebraska,64372,156.283905,-27.535836
Marcus Stevens,18,3880 Grant Radial,Port Dustin,Mississippi,35051,-113.878833,33.064976
Kevin Conrad,18,087 Reynolds Street Apt. 080,Jamieton,South Carolina,15718,-58.370812,-6.5843345
Jessica Doyle,18,1275 John Expressway,West James,Mississippi,90856,-5.250539,-15.293995
Adam Wolfe,18,33873 Castillo Fall,Phillipview,Alaska,71396,-136.276021,62.711790
Danielle Young,18,75254 Luke Green Apt. 251,Joseville,Kentucky,19048,-82.870119,-2.4604695
Jeffery Stout,18,1416 Tucker Ramp Apt. 883,East Albert,New Jersey,60100,85.728174,87.1233205
Tammy Gonzalez,18,203 Wendy Dale Suite 783,South Coreyburgh,New Hampshire,13066,92.931745,0.3827995
Frank Kim,18,9973 Lopez Shoal Apt. 018,New Evanstad,Missouri,53503,0.655296,11.285920
Michael Fuller,18,019 Hodges Springs,West Reginald,Oregon,53207,138.033726,82.434478
Valerie Campbell,18,2967 Buchanan Gardens,East Ashleybury,Louisiana,13590,-152.898494,-28.4807475
Emily Santos,18,7855 David Isle Apt. 205,North Annahaven,Arizona,28678,105.145662,83.039384
Bruce Lopez,18,6708 Wilson Place Apt. 911,West James,Missouri,65189,39.542117,-35.779196
Todd Fox,18,78538 Graham Course,East Tyler,South Carolina,24274,-73.462070,-11.4826945
Matthew Kennedy,18,8292 Crystal Common,Torrestown,Texas,86265,-48.384377,58.6876695
Tina Bradley,18,577 Michael Field Apt. 050,Lake Reginald,Colorado,90410,-20.288932,4.0595645
Daniel Esparza,18,1426 Scott Loop,New Stevenborough,California,68329,-60.507457,-82.880851
Jeffrey Phillips,18,435 Brian Hollow Suite 986,Millerside,Hawaii,05100,108.710378,67.933103
Madison Gardner,18,550 Campbell Burgs,East Sylviahaven,Nebraska,30268,169.054701,-55.9036565
Janet Jackson PhD,18,4393 Kevin Mission,New Josephberg,Wisconsin,25394,156.068847,-4.888298
Anthony Mcclure,18,257 Jeffrey Mountains Apt. 324,North Devinbury,North Dakota,28741,175.602360,-6.1494155
Jessica Gonzalez,18,693 Nicole Ramp Suite 013,New Marcoport,North Carolina,73533,-162.670027,12.6401305
Danielle Carr,18,92941 Mark Field,Port Julie,Vermont,45482,174.622157,4.953730
Sharon Davis,18,7546 Brady Mountain,Samuelside,Pennsylvania,23047,-27.389827,69.5655225
Beth Cox,18,6542 Morgan Center Apt. 192,East Brandon,Louisiana,38116,22.858325,-39.3534995
Rhonda Blake,18,13795 Kayla Vista Suite 393,East Craig,Wisconsin,82358,-171.639432,66.945369
Tracie Reilly,18,984 Henry Flats,West Lindaburgh,Vermont,94365,134.985111,48.6437545
Robert Hernandez,18,700 Cheryl Mall Suite 214,Natalieberg,Alaska,67176,107.265868,45.2803485
Mary Phillips,18,830 Jenkins Falls,North Pennyhaven,Alabama,95336,-19.146687,-84.3115165
Kristie Bender,18,79403 Sparks Ways,West Kelly,Indiana,08085,60.030641,25.6693125
Sandra Peters,18,89287 Heather Passage Suite 827,New Andrew,Minnesota,70949,25.680469,73.408152
Michelle Orozco,18,678 Jesus Manors Apt. 853,Hardyfort,North Dakota,05986,-178.798909,-8.7485085
Richard Meyer,18,99059 Joseph Creek,Faulknerside,Vermont,58053,87.912721,28.647197
Sara Williams,18,5922 Cole Underpass Suite 711,North Brandon,Alaska,44304,154.376848,34.0571245
David Gordon,18,055 Amy Knolls Suite 547,Port Jeffrey,New York,87127,-62.676724,-57.077920
Amanda Smith,18,0107 Jasmine Isle Suite 302,South Roberthaven,Montana,90756,-39.447513,-59.1184525
Joshua Cardenas,18,9988 Hill Stream Suite 987,Davidfurt,New York,34785,85.461955,69.8606885
Jeffrey Gonzalez,18,0126 Lisa Villages,East Kristinefurt,Wisconsin,32880,-47.641157,38.2785015
Amber Miller,18,885 Blake Mountains Apt. 931,Port Seth,Wyoming,34390,113.349076,-11.0711155
Jennifer Simmons,18,77480 Clinton Junction Suite 052,Port Edwardville,Vermont,73119,-126.113434,29.108963
Benjamin Morse,18,3660 Leach Cliffs,Phamshire,Mississippi,04115,-161.295484,58.305618
Laura Hull,18,0116 Autumn Forks Suite 246,Nicholsside,Virginia,67560,67.817866,-64.5119945
Isaac Young,18,01814 Ryan Alley Suite 830,North Tamara,Georgia,41451,83.509951,35.0999275
Jacob Stanley,18,29912 Frank Green Apt. 158,South Kimberlybury,Oregon,97973,-97.585665,-17.217369
Charlotte Hayes,18,9910 Mccoy Port Apt. 186,Christopherland,Alaska,10115,72.006016,-16.3878855
Kenneth Rogers,18,67188 Farrell Pine,New Natalie,Maine,70337,-85.641743,-80.0765705
Stephen Allison,18,63759 Green Brook,Danielport,Arizona,73725,-108.821000,-74.1599925
Jacob Wang,18,282 Brad Gateway Apt. 211,Lake Melissachester,Montana,56091,-141.859590,-60.9909315
Steven Delacruz,18,967 David Field,Nicoleton,Indiana,18986,90.585592,-4.229520
Phyllis Vega,18,48996 Emily Ville Suite 962,West Todd,Mississippi,95335,134.752055,-38.2738535
Jason Watts,18,61615 Walker Alley Suite 628,Turnerchester,South Carolina,90948,-147.150882,49.7639365
Lauren Clark,18,204 Carter Lodge,Bethanyport,New Hampshire,64507,-84.977666,-1.674080
Grace Evans,18,49789 Adam Valley,Willistown,Illinois,89951,105.615075,-79.026973
Alexander Martin,18,179 Dennis Cliff,Kennedystad,Alaska,82749,87.644921,60.8623485
James Davis,18,20630 Schneider Roads,Lake Gregoryport,South Dakota,29569,4.390574,-24.6336545
Nathan Ellis,18,6197 Tiffany Island,Paulhaven,Nebraska,96089,160.985340,79.040946
Ernest Thompson,18,047 Sampson Turnpike Suite 794,Richardton,Iowa,61299,-98.401891,24.157044
Janet Holland,18,84594 Mann Locks,Meaganville,Rhode Island,59746,-33.495137,51.1258865
Mary Jacobs,18,41835 John Plaza Apt. 868,North Jerrybury,Idaho,78640,168.005808,68.113577
Joseph Burns,18,2846 Jones Point,East Hunter,North Carolina,73551,172.363329,77.005126
Julie Ray,18,176 Anna Estates,South Elizabethberg,West Virginia,36415,10.163213,3.205344
Kristy Simpson,18,941 Melissa Fork Apt. 603,Port Tammy,Alabama,67284,-135.421260,44.6295315
Beth Moore,18,079 Samuel Manor Suite 904,Brooksshire,Virginia,87469,103.220300,8.579317
Michael Burke,18,448 Jodi Causeway Suite 487,Johnsonville,New Hampshire,70534,80.882573,-26.629787
Anna Sullivan,18,65379 Rebecca Plains,Watkinsville,Idaho,41562,98.725794,62.4755365
Carrie Steele,18,881 Odonnell Wall,East Andrewmouth,Louisiana,48201,-37.955889,78.611839
Michelle Harris,18,83342 Hayes Mountains Apt. 302,Elijahmouth,Wisconsin,69182,128.311839,-62.9527815
Jorge Saunders,18,5144 Alexander Squares Suite 494,Sherryborough,West Virginia,44486,-62.141438,50.724795
Kathy Wilkins,18,185 Isaiah Unions,Deannaville,Michigan,48085,122.885013,-81.3061575
Miguel Johnson,18,610 Tanner Lock Apt. 795,South Aliciamouth,Massachusetts,30412,-94.372354,-22.5916645
Justin Brooks,18,24834 Lee Estates,Drakebury,Colorado,34961,-140.029515,75.089647
Shawn Oliver,18,69622 Vincent Port,Matthewstad,Kentucky,89471,-145.099467,-71.7977805
Morgan Mendoza,18,754 Emily Walk,Jenniferport,Alabama,34474,-0.111832,72.091887
Richard Johnson,18,62336 Rivera Common,Lisaton,Arizona,02945,42.861489,-74.932994
Gina Snow,18,35844 Mason Valley,Rogersfort,Connecticut,49227,157.087293,34.8128025
Christopher Rodriguez,18,74600 Conner Dam,Debramouth,Colorado,33651,38.618017,-24.7177895
Leslie Martin,18,91127 Shepherd Club Apt. 012,Jenniferchester,Pennsylvania,13408,-65.303868,80.8558475
Tiffany Brown,18,519 Lori Run,Mannington,West Virginia,39125,171.966913,-49.3344495
Kevin Holt,18,5285 Sanders Ridge Apt. 446,Brianfort,Illinois,97159,54.087143,-25.8276545
Jessica Watson,18,953 Catherine Fort,Merrittshire,Mississippi,76943,131.476844,-32.782114
Michael Simmons,18,95282 Kenneth Causeway,Goodmantown,Texas,64938,-118.653460,68.653615
Yolanda Haney,18,72634 Smith Canyon Suite 383,Coleton,Minnesota,82360,-149.915501,67.805387
Michael Johnson,18,0578 John Course,West Michelleview,California,66097,44.531526,-69.9212485
Jamie Jimenez,18,698 Jennings Drive,Turnerview,Michigan,03285,-15.371574,-71.6502195
David Brown,18,77714 Roberts Ville Suite 522,Nataliehaven,South Carolina,68098,-83.823123,88.432272
Anna Kelly,18,7211 Lee Ford Apt. 243,East Mary,New Jersey,71900,175.893652,-78.9970445
Michelle Watson,18,49269 Harris Squares Apt. 118,Sharpview,Wisconsin,34011,131.300628,-23.403969
Danielle Griffin,18,6796 Christopher Junction,Port Catherinefort,Iowa,10162,10.271059,-26.939791
Michael Gonzalez,18,983 Thomas Orchard Apt. 475,Jennifertown,Illinois,23987,20.598382,15.2641615
Nicole Smith,18,435 Joshua Springs,Port Mckenziebury,Rhode Island,77845,-130.592219,-77.323753
Tanya Delgado,18,19943 Alvarez Underpass,Amandaside,South Dakota,80370,-136.409009,66.2636705
Christine Diaz,18,23007 Mitchell Stravenue,Patrickchester,Rhode Island,88290,14.244432,12.5754805
Linda Phelps,18,7217 Michael River,West Jonathanchester,Iowa,21702,-59.723085,-84.4081235
Samantha Brown,18,527 Thomas Plaza Apt. 324,Port Brandonburgh,Wyoming,03835,117.695715,-88.8228895
Terry Thomas,18,028 Porter Neck,Lake Patrick,Maine,54194,97.448588,18.4631435
Tamara Oneill,18,6796 Johnson Throughway Suite 127,Lake Alec,Ohio,71437,169.339062,7.525548
Kristin Thomas,18,364 Gross Rue Suite 088,Shawnville,Michigan,86526,-100.967215,-26.9136085
Joshua Allen,18,882 Michelle Mission Apt. 630,East Nataliebury,California,13076,-147.598890,61.5172265
Michael Weaver,18,884 Goodwin Track Apt. 943,North Tyler,Vermont,10889,171.340353,-22.1046725
Shannon Nelson,18,26435 Torres Rest Apt. 256,Jonesfurt,Alabama,66453,102.788668,72.2314355
Sherri Garcia,18,664 Franklin Views,West Sherryville,North Carolina,12444,74.504413,17.7117985
Brandon Rogers,18,809 Thompson Meadow,Lake Jamietown,Pennsylvania,95782,9.006870,67.253019
Lisa Bullock,18,21068 Brian Islands,Russellberg,Delaware,33479,79.924682,-66.294880
Mark Smith,18,978 Jacob Grove Suite 105,Ashleyberg,Tennessee,45134,54.807694,75.642815
Mark Sanders,18,0579 Gloria Cape,Wilkinsonshire,Montana,68132,46.368354,2.9066975
Gabriel Riley,18,29923 Aaron Villages,Brooksberg,Arkansas,62413,7.265053,-63.8771235
Brittany Munoz,18,0965 Brian Roads Apt. 603,Donovanbury,Indiana,58531,146.607185,-14.597954
Valerie Mclaughlin,18,7724 Susan Station,Davisbury,New Hampshire,62349,132.727290,84.4904345
Ashley Kelly,18,00411 Thomas Forest,Brookemouth,Wisconsin,16318,1.865763,-28.2233105
Robin Jones,18,0670 Shelby Crescent Suite 243,Karenmouth,Minnesota,17446,167.664981,43.6545495
Stacey Wilson,18,867 Sonia Crest Apt. 555,Lake Heatherland,Illinois,99908,-66.464166,12.214983
Nicole Diaz,18,89142 William Isle Suite 862,Smithside,Maine,13003,160.926614,45.0117255
Tony Herrera,18,1791 Jones Stravenue Suite 718,Lake Dawn,Kansas,10145,119.887746,-18.4853205
Derrick Rodgers,18,871 Guzman Trail Suite 529,North Jessica,New York,40346,15.988305,15.8096705
Gabriel Mitchell,18,6623 Smith Wall Apt. 241,East Teresa,West Virginia,93622,-25.802114,53.685666
Patrick Walters,18,4171 Mitchell Via,Kruegermouth,Wisconsin,86549,-84.851662,60.7483635
Courtney Sharp,18,617 Flores Drive Apt. 670,West Cesarhaven,Kansas,70600,81.344340,38.946045
Rebecca Vasquez,18,30286 Elizabeth Stream,West Jamesport,Kansas,15444,43.308135,-74.494071
James English,18,36438 Michael Junction,Baxterside,Washington,22031,30.102294,-84.0881025
Dale Greer,18,69289 Moses Flats,New Theresaview,New Hampshire,17935,35.733139,77.1158165
Melissa Lyons,18,2733 Daniel Throughway Apt. 836,Jasonview,Alaska,06930,-156.319066,41.360000
Eric Morrison,18,82722 Bowers Mount,Wellsfurt,New Mexico,69178,44.141710,-78.8545485
Ronald Green,18,8628 Jennifer Way,Williamfurt,Kentucky,68256,-90.170247,-83.886574
Todd Williams,18,8558 Gutierrez Via Apt. 787,North Susantown,Virginia,73095,-70.573270,-17.953553
Nancy Richardson,18,628 Christopher Court,West Steven,Alabama,66762,-159.522354,40.2753835
Patricia Johnson,18,3393 Duran Cape,Grahamton,Montana,81002,21.503691,10.173315
Brett Miranda,18,50202 Robert Spur Suite 066,Frankberg,Oklahoma,03860,13.914191,5.074532
Anna Barnes,18,32778 Joshua Streets,Walkerborough,North Carolina,15123,109.901210,-36.2653125
David Kennedy,18,5952 Thompson Street Suite 266,Michaelview,North Dakota,57126,147.241995,-63.1006695
Pamela Benson,18,739 Robert Vista Apt. 631,Huffmanview,Idaho,69513,25.698913,7.882481
Jonathan Simon,18,3788 Paul Roads,New Dylan,Arkansas,64884,-118.439988,20.1425665
Anthony Jackson,18,9750 Smith Hills Suite 492,Mckayburgh,Kansas,03621,153.429782,23.6190835
Peter Pruitt,18,01589 Gomez Forges Suite 519,Wrightside,Alabama,32091,-97.580078,-32.107049
Jeanne Robinson,18,1028 Mcbride Ridge Suite 449,West Susanstad,Texas,76275,139.328920,-71.7934935
Amy Sanchez,18,39012 Curry Junction,New Jesse,Missouri,58584,-83.335928,23.4798315
Misty Horton,18,88692 Wilson Streets,Wagnerside,Florida,24666,-18.361675,-20.963127
Noah Harrison,18,9703 Nunez Cove Apt. 121,Shortfort,Florida,57810,-7.527693,-11.730250
Amber Kent,18,7984 Brandon Forge Suite 457,North Lee,Nebraska,02089,43.187380,-87.0539615
Ashley Williamson,18,411 Strong Place,Jayton,North Carolina,91464,70.115907,28.111277
Melissa Brooks,18,204 Kelly Shores Apt. 408,Michaelfort,New York,33521,-144.627105,-57.071104
Ronald Barnes,18,94862 Jason Road,Colleenbury,California,63208,-167.852939,45.644895
Jose Olson,18,84440 Eric Alley,Scottburgh,Wisconsin,04741,-36.708785,72.686754
Chad Whitehead,18,562 Bailey Turnpike,East John,Georgia,97910,100.601723,77.8899215
Richard Stone,18,014 Rosales Shores,Richardsonland,New Jersey,66771,-90.706983,-59.151756
Jay Johnson,18,3988 Wu Terrace,Erinstad,New Hampshire,44917,-139.403152,87.795713
Kristi Simmons,18,891 Jason Rapid,Caldwellborough,New Mexico,07889,-170.998894,12.972691
Trevor Wilson,18,4125 Deleon Land Suite 628,Cruzland,Oregon,33284,-67.071215,9.950816
Kara Moore,18,05042 Catherine Glens Apt. 960,South Apriltown,New Hampshire,89797,-156.318125,80.4389765
Patricia Crawford,18,5083 Nicole Square Suite 896,South Jessicaburgh,Texas,51348,65.617592,-35.752825
Angela West,18,891 Joseph Road,Hannahmouth,Oregon,11506,-31.369124,7.129640
Stephanie Drake,18,647 Wanda Squares,East Jordanchester,California,94194,27.880683,-67.625360
Dr. Lisa Griffin,18,8281 Alicia Ways Apt. 272,Johnton,Florida,17425,169.040018,-40.9003765
Justin Smith,18,427 Nichole Common,Martinport,Vermont,48124,-109.503900,-82.1990875
James Matthews,18,9475 Christine Valley Apt. 237,Youngmouth,Connecticut,42371,129.891228,-49.5887715
Lindsey Rice,18,1697 Weaver Lakes Suite 282,Shannonmouth,Maryland,61394,130.633902,-28.3886525
Morgan Bartlett,18,961 Roger Meadows,Fieldsfurt,Ohio,92211,-22.541722,17.2102445
John Thornton,18,024 Mary Well,West Mark,Iowa,53852,-173.636438,-52.7624705
Marcus Daugherty,18,23528 Lee Shoal,Griffithton,Alabama,70600,165.608471,72.755943
Allison Murray,18,394 Mark Well,Ericksonmouth,Texas,34140,97.583827,-28.5128795
Taylor Miller,18,6121 Yates Rue Suite 386,Port Katherine,North Carolina,94944,-174.497238,86.6526235
Andrew Burns,18,67914 Stanley Inlet,Nicoleport,Pennsylvania,71637,-3.004748,-66.238724
Melissa Gilbert,18,047 Charles Locks,West Annashire,South Dakota,96723,85.241776,-0.4646535
Justin King,18,4604 Timothy Station Suite 079,Maciasmouth,Utah,59851,73.871449,86.4434095
Andrew Abbott,18,6029 Williams Squares,Sanderschester,Nevada,45424,-41.336632,19.029010
Troy Cardenas,18,5154 Evans Groves Apt. 234,East Ashley,Illinois,98835,107.871802,21.2812645
Jennifer Williams,18,8986 Sarah Plain Apt. 792,West Matthew,Michigan,31726,66.095961,62.876927
Gregory Cabrera,18,085 Graves Views Apt. 788,Mariamouth,Pennsylvania,31788,-88.079074,-1.907794
Nicole Porter,18,91606 Griffith Ports,Cassandraborough,New York,87780,46.984328,48.7692135
Barbara Reese,18,5402 Johns Ports,Leetown,Florida,33240,-112.386154,37.730976
Michael Lamb,18,56214 Regina Expressway Apt. 869,Mikechester,Illinois,22383,152.064922,-28.946653
William Pierce,18,9342 Daniels Crossing,Jameschester,Ohio,43574,-165.963073,-35.936992
Kelly Burgess,18,19525 Bryan Summit,Kelleyland,Arizona,05855,-119.912360,22.052731
Joseph Smith,18,162 Phillip Stravenue Apt. 015,Andrewfurt,Oregon,19414,132.920850,89.891365
Karina Lewis,18,425 Harris Skyway Suite 741,Colinbury,Texas,98599,-74.705562,-54.650690
Jose Black,18,469 Maria Fort Suite 462,North Kennethbury,Nebraska,26601,-178.026277,-24.618099
Donna Johnson,18,660 Munoz Ways Apt. 873,Jacobland,Nebraska,77737,-9.356068,-58.2330235
Christina Cooley,18,38069 Gomez Causeway,South Daniel,Oklahoma,40646,41.379907,37.178263
Ronald Strickland,18,87691 Brock Estate Suite 827,Suzanneshire,North Carolina,73922,-90.093902,70.5526805
Christopher Hill,18,8331 Robert Court,Wilsonton,Texas,05991,70.178350,31.235731
Gary Gross,18,330 Katie Common,Lake Wesley,Oregon,18551,45.561964,-67.973550
Kristen Turner,18,4351 Emily Manors Suite 041,North Jennifer,Mississippi,11909,-55.440524,-74.413830
Benjamin Ellis,18,527 Adam Plaza Apt. 017,New Michelleview,Oklahoma,18352,166.621479,-65.4180535
Austin Green,18,80830 Baldwin Landing,Leslieport,Arizona,61701,170.803497,68.946804
Kimberly Romero,18,51111 Lee Fords,Rodriguezstad,Texas,60376,152.314393,-63.2699405
Mary Cunningham,18,508 Daniel Canyon,Whitefurt,Alaska,32000,99.051272,-67.047033
Michael Kirk,18,718 White Highway Suite 133,South Nancy,Washington,52897,131.198133,-12.5861735
Shelia Kaiser,18,7513 Howell Cove,North Elizabeth,Iowa,27595,61.580668,-43.299179
Douglas Thompson MD,18,4449 Hooper Cape,Millerburgh,Rhode Island,25847,-30.163690,87.360547
Kristin Reed,18,49895 Nicole Wall,South Richardport,Arizona,61678,92.882378,61.582795
Dalton Fernandez,18,476 Jill Road Apt. 392,Gregoryport,Ohio,15109,106.354683,48.513387
Christina Brown,18,1757 Moreno Brooks,North Pamelafort,Utah,44744,124.848910,-27.1152955
Tracy Williams,18,2555 Carrillo Hollow Suite 794,Hernandezstad,Nevada,44599,-6.962553,35.896513
Lisa Mckenzie,18,365 William Loop Apt. 850,Greerville,Kansas,77890,-90.867303,-42.8162455
Jon Nunez,18,0905 Tina Shore,East Aaronside,Utah,31631,172.331685,-33.0998255
Joseph Steele,18,28265 John Summit,Geoffreyshire,Maryland,39997,-43.977742,38.697132
Steven Beasley,18,0341 Robinson Forest,Port Johnhaven,Idaho,31050,136.610089,-72.614352
Rachel Coleman,18,810 Hunt Roads,South Shannon,Nebraska,71132,109.601905,25.475301
Adam Nunez,18,08581 Ramos Isle Apt. 543,West Kaylaland,South Carolina,46909,165.922132,-4.569815
Christopher Rodriguez,18,825 Antonio Harbor,South Danielleshire,Oklahoma,88446,-35.514295,-38.2278765
Brittany Wheeler,18,4608 Ashley Estate Suite 850,Cohenside,Indiana,22923,74.125913,34.109973
Alexis Savage,18,3955 Nicole Mount Apt. 571,Woodsside,Alabama,23916,-61.298375,-45.474373
Eduardo Simpson,18,2918 Murray Junctions,Williamsfurt,Massachusetts,44367,48.682768,-71.6839085
Kathy Carlson,18,37979 Gail Stravenue,Youngbury,Ohio,29260,173.459818,30.4014045
Alexandra Rodriguez,18,052 Harvey Centers,Lake Kylestad,Wisconsin,71438,25.728820,-59.992615
Steven Shaw,18,134 Smith Underpass,Powellhaven,West Virginia,75701,23.581301,-44.690946
Pamela Bailey,18,339 Kara Skyway,Cardenasville,Pennsylvania,34591,-111.264223,-58.665208
Donna Sandoval,18,62496 Fisher Burgs,Maryside,Indiana,52024,136.408772,51.5991495
Veronica Bradford,18,27716 Devin Rest,Schroederburgh,Montana,18222,157.146434,81.9057635
Jacob Richard,18,6024 Holly Divide Suite 710,North Scottmouth,New Hampshire,24639,-136.134015,18.4670345
Matthew Dickson,18,92005 Fernandez Walks,North Sherrystad,Rhode Island,55876,-120.080152,79.904964
Mallory Porter,18,3196 Michael Locks,Mcgeeberg,Texas,61778,168.740184,24.8956045
Joseph Beck,18,269 Karen Spurs Suite 415,Caroltown,North Dakota,42975,134.835816,63.116981
Maureen Phillips,18,65144 Jill Fords,New Erin,Florida,06939,123.376979,-46.5839555
Katelyn White,18,19940 David Green Apt. 094,East Jason,Wisconsin,08668,-60.875502,56.3136605
William Rios,18,327 Melissa Burgs,North Erik,West Virginia,12551,-76.543898,-73.7236265
Andre Baker,18,694 Jeff Circles,South William,Rhode Island,53173,33.360255,63.200471
Adriana Johnson,18,66325 Bishop Fields,Davidtown,Delaware,75579,-127.538548,6.7645205
Valerie Rodriguez,18,79396 Williams Courts,South Kristen,Virginia,73095,154.214167,55.527310
Stacey Mclean,18,310 Adkins Hills Apt. 841,Morganmouth,New York,37318,145.231977,-55.265596
Jeanette Edwards,18,4593 Pearson Bridge,Garciaton,Tennessee,19237,-172.683282,-40.599605
Ruben Wheeler,18,50777 Ashley Bridge,North Brianberg,Massachusetts,42484,99.798095,-46.0232965
Zachary Wright,18,6938 Nancy Circles,Kellystad,Connecticut,45653,-27.389108,-29.5119995
Nathan Fisher,18,97587 Pennington Walks,Brittanyshire,Maine,12653,-70.395977,40.999521
Regina Khan,18,6953 Gary Viaduct,Port Melissaburgh,Connecticut,25666,-152.773341,50.761910
Samantha Mooney,18,0402 Raymond Roads,Dukeside,New Jersey,69463,-8.954642,-44.910395
Amy Reed,18,0368 Wilkins Overpass,East Stevenhaven,Delaware,87425,9.252182,-48.9772085
David Salinas,18,23478 Gail Manors Apt. 653,Port Monica,Florida,68274,-61.904240,63.413718
Kimberly Sanders,18,963 Jeffrey Unions,West Sean,New Mexico,23797,-48.507532,40.481641
Anna Bradford,18,68672 Perez Oval,Port Tammy,Ohio,50645,-101.975366,-45.334636
Mary Wright,18,6959 Brian Mountain,Irwinmouth,Hawaii,93096,-82.231236,-46.3257205
Joshua Mccarthy DVM,18,548 Pamela Causeway,West Nicholasfort,Georgia,83506,127.885897,-44.2352675
Robert Cross,18,344 Russell Mills,West Douglasmouth,Virginia,86133,-8.855306,-16.0555015
Jason Mendoza,18,767 Terry Motorway,Larrymouth,New York,48506,-84.139762,24.6339575
Jonathan Davidson,18,77126 Espinoza Throughway,South Anthonyborough,Vermont,04957,-78.589849,-78.977403
Nancy Pope,18,831 Villarreal Mountain,Andrewport,Kentucky,02553,156.072525,75.960081
Joy Smith,18,717 Russell Drive Suite 908,Klineborough,California,60595,73.946275,31.465127
Tracie Peterson,18,8695 Julian Point,North Kristenview,Georgia,20882,124.512589,-26.3925975
Courtney Wong,18,577 Jose Plaza,Rodgersstad,Arkansas,20215,-16.604386,-44.1116705
Pamela Fernandez,18,8137 Brewer Cliff Suite 349,Johnsonfort,New Jersey,52077,-36.315534,-73.2279255
Philip Boyd,18,841 Daniel Unions Suite 010,Kennethton,Rhode Island,17640,20.440643,55.2519055
Micheal Herrera,18,4307 James Throughway,Karenstad,Georgia,65411,69.236594,15.0025285
Denise Miles,18,018 Patricia Wall,Joseberg,Nebraska,65663,-131.626967,-3.809212
Angela Hill,18,0395 Henry Manor Apt. 049,Lake Christophermouth,New Jersey,71377,-12.245601,39.784772
Maria Parker,18,364 Patel Haven,East Michaelhaven,Alaska,65235,168.122696,-57.3082035
Jordan Chaney,18,38478 Gregory Ports,Rogersmouth,Tennessee,40582,-91.595939,0.4144375
Kristen Wise,18,996 Elliott Vista Suite 051,Johnshire,Michigan,93715,41.289234,-9.0103885
Jonathan Holmes,18,8110 Young Alley Suite 577,Warnerside,Oregon,39821,70.224147,73.7728655
Natalie Glover,18,63859 Bryant Plains Apt. 501,Derrickland,Maine,92393,-138.231872,-19.7992435
Kelly Miller,18,388 Benson Ferry Suite 470,Emilyburgh,Michigan,86396,150.133102,34.857906
Paul Perez,18,222 Ortiz Parkways,Willisville,Mississippi,01318,125.238950,18.6698365
Beth Moon,18,9979 Gonzalez Stream Suite 766,Andreatown,Washington,02012,-127.650529,76.5035845
Brian Rose,18,7674 Tina Trafficway,Martinmouth,Illinois,87481,149.762260,66.553455
Mr. Eugene Roberson,18,8263 Lisa Tunnel Suite 416,South Cynthiashire,Arizona,39916,50.771091,87.705862
Gregory Cooper,18,4793 Alexandra Stravenue,East Heidichester,Massachusetts,05775,-142.665329,-2.9262425
Monique Jones,18,5878 Brett Row Suite 525,South Stephanie,South Dakota,75358,143.410654,19.1118105
Thomas Charles,18,23280 Yang Spurs Suite 427,New Edwardborough,Wyoming,73979,-22.903996,40.503973
Kayla Jones,18,885 Wells Course,Michaelfort,Alabama,13073,-64.634026,56.5048345
Karen Taylor,18,60063 Hancock Fort,Morenoshire,New Hampshire,75467,-57.619324,68.8374295
Jonathan Brown,18,5842 Mary Heights,South Rachel,Kansas,35760,-106.946644,20.459683
Tammy Johnson,18,449 Coffey Trafficway,Reginaldfurt,Maryland,15114,2.469424,81.832225
Mark Silva,18,937 Jo Fall,Lake Timothyport,Kansas,61501,41.240450,1.7127365
Francisco Coleman,18,02978 Joe Dam,Jeffreyburgh,Minnesota,10706,160.744047,12.2167195
Peter Robinson,18,496 Kevin Light,Port Adamhaven,Utah,80881,-69.556453,84.408789
William Johnson,18,39458 Laurie Points,West Tammybury,New Jersey,25300,164.908717,5.148818
Robert Warren,18,70748 Robert Dam,New Eugeneside,Alabama,74591,146.180466,-31.0877755
Matthew Green,18,34127 Mitchell Shoal Apt. 674,Blackwellchester,Indiana,36232,-141.309515,-86.0122745
Samuel King,18,36108 Leah Overpass Suite 812,East Julieton,Ohio,80965,-94.832114,52.3989955
Joshua Bowen,18,306 Manuel Terrace,New Susanmouth,Maine,39259,-73.113530,-47.029139
Tom Little,18,6858 Laurie Estates Apt. 857,Brianstad,Kentucky,48217,163.377060,-69.609774
Dylan Summers Jr.,18,427 Hunter Courts Apt. 059,Garyfurt,Arizona,43836,-163.986844,41.2156865
Patricia Cohen,18,73662 Gordon Turnpike,Lake Laura,Florida,68891,-22.057911,31.8524655
Andrew Levine,18,3716 Haley Parkway Suite 835,Danielchester,Utah,70954,-167.841416,69.698654
Christopher Fischer,18,3418 Hernandez Center Apt. 333,Hoffmanbury,Pennsylvania,05149,-140.607519,-83.934691
Timothy Lindsey,18,237 Brock Pines,South Sandraport,Indiana,47667,-40.016932,-10.2112985
Kenneth Johnson,18,013 Latasha Haven Apt. 103,Murrayhaven,Tennessee,33779,60.770928,-55.955895
Kristen Murphy,18,236 Christopher Stravenue,Johnburgh,California,32545,-179.713492,48.9586265
Garrett Ruiz,18,25295 Kristin Mission Apt. 201,South Dawn,Illinois,11526,-109.918757,-85.140330
Zachary Graham,18,4158 Gilbert Radial Apt. 063,Prestonshire,Alabama,92568,135.677393,-17.133793
Caleb Smith,18,91402 Johnson Divide,South Audreyfurt,New Hampshire,28123,-17.369023,36.975724
Jeremy Chavez,18,850 Lee Loaf,Cooperbury,Texas,56526,-151.967841,12.9673735
Travis Johnson,18,99867 Ashley Squares,Lindsayport,South Dakota,96703,-64.629711,89.642776
Deborah Andrews,18,230 Michelle Run,Tonyland,New York,50025,151.146393,37.5361735
Ryan Matthews,18,9180 Kristine Junctions,South Davidborough,New Mexico,48649,52.897170,-65.6027755
Andrew Perkins,18,1161 Christian Knolls,New Ryanfurt,Wyoming,55393,92.848718,-5.5007005
Gregory Peterson,18,9793 Scott Light,Andrewbury,North Carolina,02274,-172.687531,-74.850532
Caleb Bennett,18,644 John Courts Apt. 760,Susanbury,New Mexico,63592,-102.792221,82.456426
Regina Smith,18,189 Brooks Ports,Barrstad,Missouri,82740,-150.255518,-8.3264705
Calvin Hayes,18,0641 Sandra Harbors Suite 421,Griffinberg,Illinois,52500,-115.885452,84.2382565
Ronnie Oconnell,18,7692 Christopher Lakes,Charlesmouth,New York,22399,75.001520,-45.3545055
Jason Buchanan,18,55904 Medina Shoal,East Susanton,Ohio,58857,106.222838,-17.7772825
Deborah Perez,18,4090 Vargas Groves,Parkerberg,New Hampshire,51769,-118.455811,55.759365
Deborah Holland,18,300 Sophia Trace,Port Pamela,Delaware,08753,-29.995679,55.706262
Gregory Lee,18,918 Kimberly Canyon Apt. 770,West Brianmouth,Kentucky,84766,-1.112625,-72.2425745
Dennis Powell,18,54898 Maria Vista Suite 346,New Robert,North Carolina,40538,31.011209,67.4831735
Jim Miller,18,740 Bailey Ford Suite 687,Pinedaburgh,West Virginia,57508,-29.525506,1.894744
Christopher Smith,18,17540 Susan Vista Suite 925,West Daniel,North Carolina,55288,152.104883,52.6118955
Jeanette Green,18,03340 Amanda Throughway Suite 159,Rebeccaburgh,New York,17337,8.050606,26.8873065
Lori Conway,18,676 Perez Views Apt. 413,Lake Jamesside,Oregon,84529,13.128936,-32.2326485
Andrew Kelly,18,670 Richard Ridges,Michaelborough,Colorado,35736,-55.858969,41.3936875
Laura Obrien,18,59571 Bobby Dam,West Kelly,Louisiana,77972,-152.145198,36.351032
Zachary Parker,18,231 Smith Port Suite 092,Erintown,Florida,38261,137.599632,15.928324
Angel Garcia,18,461 Mike Crescent Suite 692,Terryview,Arizona,86577,150.326265,16.1530055
Michael Hardy,18,947 Miles Causeway,North Andrea,Washington,55536,-167.481530,-69.470507
Beth Webster,18,3129 Denise Throughway Suite 265,West Heidibury,Maine,21720,-25.612755,86.619306
Jason Lewis,18,76226 Tonya Spring Apt. 782,Howardside,Wisconsin,61779,-145.035519,35.798184
Stephen White,18,9571 Mitchell Views,Port Cheryl,Oklahoma,32435,38.034757,-33.7811885
Mary Colon,18,1239 Reyes Haven,New Amanda,Virginia,05945,56.445315,85.605068
Melanie Long,18,98720 Christopher Inlet,Patriciaside,Illinois,99047,-155.035334,18.138816
Sara Reyes,18,98468 Charles Heights Apt. 730,North Heatherland,Alaska,12046,130.529462,-12.468682
Joseph Hines,18,14912 Julian Locks,Lake Sandra,Virginia,51900,-100.511096,-29.915263
Erin Morgan,18,7629 Sawyer Flat Suite 295,West Charles,Oregon,47848,68.506036,-23.298888
James Thompson,18,08837 Wright Dam Suite 459,Theresatown,Alabama,88853,-99.540918,45.7321495
Dr. John Holmes,18,6985 Douglas Unions,Brandontown,New York,41156,73.056435,61.060347
Herbert Phillips,18,78754 Ryan Plaza,Amandaland,Massachusetts,83458,16.945090,5.002631
Jacob Galloway,18,1498 Beasley Islands,Lake Rodneyport,New York,71960,-50.999700,-44.3789915
Jeffrey Petersen,18,9816 Franklin Well Suite 088,Scotthaven,North Carolina,22140,19.799483,-54.4889115
Andrew Jones,18,297 Jimmy Radial,Luischester,South Dakota,00913,7.526069,-52.272883
Cheryl Williams,18,675 Daniels Stravenue,New Donnaville,Tennessee,28119,61.037598,-46.929261
Tyler Nelson,18,087 Joseph Square Apt. 514,Russellburgh,Texas,12358,-106.300636,83.1742335
Melanie Hayes,18,828 Sarah Meadows Apt. 831,South Scott,Alaska,77059,10.850342,40.5280765
Patricia Scott,18,07003 Sanchez Run,Debraborough,North Dakota,52469,-37.292362,-84.073780
Anne King,18,6986 Kelly Highway Suite 489,South Deborah,New Hampshire,55737,177.425371,18.9290555
Emily Smith,18,143 Gonzales Crest,Port Patricia,Colorado,26320,-84.561260,-59.7348645
Natalie Lopez,18,817 John Lodge,Jamesbury,Arizona,61376,173.725728,15.666157
Joshua Castaneda,18,95718 Mary Freeway,Joneshaven,New York,12288,-8.108363,-74.6838595
John Russell,18,0606 Charles Station,Port Julie,Montana,18035,-164.126735,67.052990
Kevin Hill,18,452 Thomas Summit,East Stephenhaven,Oregon,96227,120.318714,33.6579195
Frederick Taylor,18,9694 Barbara Station Apt. 827,Johnsonport,Oregon,58920,-8.193860,43.9911325
Tracy Thompson,18,94365 Stevenson Highway Suite 414,Webbborough,Alaska,68641,-129.940179,22.534535
Fernando White,18,57061 Teresa Haven,Marytown,Illinois,85573,-132.034100,30.447512
Brittany Fowler,18,83930 Matthew Haven Suite 691,Youngport,Nevada,65693,-20.709962,25.4949615
Edwin Humphrey,18,29394 Stephanie Tunnel,Maldonadostad,Rhode Island,45609,-2.588617,76.201831
Ricky Ferguson,18,561 Taylor Loop Apt. 704,New Scott,Massachusetts,02625,82.369974,57.259037
Natasha Diaz,18,4797 Raymond Dale Suite 915,West Melissamouth,New Mexico,69211,-139.213273,0.2131905
James Mcmillan,18,996 Michael Expressway Apt. 231,Williamton,Ohio,47511,-63.491256,23.605791
Ronald Vargas,18,710 Gerald Radial,Loganfurt,Arizona,94941,67.259756,-54.3137395
Lacey Medina,18,2931 Krista Groves,Port Michaelmouth,Oregon,89861,88.587773,70.2153215
Audrey Vaughn,18,972 Lisa Mission Suite 345,Tracymouth,New York,13984,36.025149,22.431153
Richard Ponce,18,649 Jones Extension,Baileyshire,Texas,58756,82.527439,41.187132
Hailey Bishop,18,646 Harvey Creek,Bullockchester,California,88285,152.815427,-75.779732
Katrina Luna,18,79028 Douglas Freeway Suite 310,Robertohaven,Pennsylvania,65496,-124.519651,-59.0960775
Nathan Sims,18,8449 Brenda Well Apt. 055,West Michelle,Kentucky,60290,-68.336528,-39.798605
Adriana Cooper,18,756 Hannah Shoal Suite 327,Loganton,Massachusetts,74978,-128.217873,3.2882635
Tracy Scott,18,617 David Dam,West Josephberg,Connecticut,65227,-52.925264,43.1133125
Christopher Robinson,18,648 Flores Garden,Johnnychester,Maine,25911,-60.143683,78.347203
Emily Martinez,18,540 Brenda Gardens Suite 434,South Megan,Arizona,32882,-31.670764,-17.186443
Michael Harvey,18,26436 John Parks,Cameronmouth,Connecticut,13894,-141.446128,57.717618
Mark Young,18,5532 Rose Manors,North Juan,Virginia,91750,-17.031020,-87.072902
Ian Sanchez,18,4059 Tyler Valleys Suite 469,Turnerburgh,Nevada,63763,-92.517142,71.594897
Monica Jackson,18,759 Christine Hollow Suite 656,West Billyfurt,Oregon,88800,-170.517224,-64.523165
Richard Daniel,18,878 Baker Village,Rachelfurt,New Jersey,24657,-91.632565,1.759421
Amanda Wilson,18,46087 Pena Pass,Walkerstad,Nebraska,36651,-152.997000,13.605142
Danny Murray,18,20196 Scott Neck Suite 938,New Robertberg,Minnesota,35293,115.739545,47.522776
Tina Summers,18,93902 Kim Track,New Melanie,Nevada,13025,-71.785946,1.2907985
Amanda Roman,18,612 Spence Light Suite 996,Shawnborough,Nevada,31289,-91.393724,49.8407685
Regina Brady,18,078 Garner Meadow,Smithview,North Dakota,99858,85.175701,-52.435427
James Diaz,18,9493 Arias Street Suite 948,North Morgan,Kentucky,04296,160.667052,-16.0915365
Danny Hall,18,6816 Kim Islands Apt. 776,Christophershire,South Carolina,73651,40.770196,76.7375975
Catherine Cervantes,18,40863 Jerry Course,Lake Christopherville,Utah,84248,67.078052,-12.194347
Erin Carter,18,761 Frost Parks Suite 691,Port Michellebury,Wyoming,35636,95.528694,-20.298194
Brittney Preston,18,114 Mathew Heights Apt. 839,Waltersburgh,New York,36802,-39.224962,21.625922
Ricky Kerr,18,77681 Heather Lane Suite 715,Sellersfort,South Dakota,55008,38.255563,-73.256041
Jennifer Austin,18,0344 Adam Harbors,Veronicamouth,Utah,03520,51.685060,34.861788
Abigail Hayes,18,8392 Hicks Union Suite 755,East Jesseborough,California,11086,-123.088177,26.9575985
Mario Walker,18,9874 Brad Landing Apt. 746,North Carolshire,Rhode Island,71055,-20.334628,-87.349360
Austin Perez,18,460 Elizabeth Port Suite 457,East Mindyborough,Oregon,49009,-152.813120,-45.364017
Meghan Walker,18,13145 Chloe Park Apt. 194,New Jamesfurt,Arkansas,50142,66.608145,-88.486110
Jessica Bowman,18,778 Morris Mill,Port Erin,Montana,32592,28.652960,-77.309753
Heather Johnson,18,50392 Estrada Isle Suite 333,Patrickhaven,North Carolina,41634,49.347292,62.1979485
Nicole Rogers,18,3362 Hall Roads,South Caitlinfort,South Carolina,97520,-18.978611,-87.6702665
Mary Patton,18,806 Tristan Mount,North Brendaview,South Dakota,41792,51.111635,12.2522755
Jerry Garcia,18,285 Thomas Place,Johnmouth,Oklahoma,07126,-88.049235,25.076277
Kathleen Price,18,8532 Jones Mews Suite 797,South Karen,Massachusetts,37132,-138.650413,9.439851
Danny Walls,18,8342 Sarah Tunnel,Heiditon,Iowa,91607,64.261681,-8.100559
Lisa Rodriguez,18,95146 Williams Mountains,Lowemouth,Nebraska,34416,-174.002548,-15.502902
Denise Rodriguez,18,780 Pierce Pine,Port Dylan,Kentucky,60144,120.364332,4.4256955
Rachel Clark,18,7042 Sarah Radial,South Andrew,Washington,76937,70.571012,50.058565
Lori Simpson,18,963 Scott Underpass,East Michelle,Vermont,01847,-139.320093,47.2376995
Devin Wright,18,761 Bryant Branch Apt. 785,Melendezfort,Nevada,07950,-129.601514,-74.437135
Melissa Gallagher,18,78833 Amanda Drive,South Wendyborough,Arizona,54996,-9.832991,-25.967929
Heather Higgins,18,30994 Sanchez Port Suite 467,North Joshua,Florida,82834,-71.982361,-24.6914465
Stephanie Mclaughlin,18,61431 Joseph Lake Suite 838,West Cindy,Massachusetts,92795,165.616096,-25.763561
Frances Johnson,18,172 Michael Crescent Apt. 513,New Paulachester,Michigan,75766,55.676063,29.8201235
Susan Lopez,18,37975 Calderon Forks Apt. 930,South Kayla,Idaho,89706,-78.318434,-41.9521855
Jenny Mendoza,18,37941 Jordan Avenue,Port Patrick,Nevada,06540,170.784773,-29.0721695
Jessica Phillips,18,74690 Jennifer Lodge Suite 321,South Bridget,New York,37227,91.192848,-57.1271635
Ricardo Mcintosh,18,68703 Patterson Summit,Williamsland,Maryland,54022,76.699454,-47.565021
Steven Lowe,18,70506 Jackson Green Suite 671,Michaelton,Nevada,79534,43.311519,-7.057896
Bethany Smith,18,35516 Cunningham Valley Apt. 416,South Gabriel,Connecticut,40703,8.404584,-56.004836
Cindy Gibson,18,794 Chelsea Roads,Lake Catherine,New Hampshire,02791,112.719494,-35.4685755
Miranda Cooper,18,55701 Erin Greens,East Veronicaport,Tennessee,98191,-176.775891,48.176620
Ivan Austin,18,75726 Schneider Center Suite 020,Lake Jared,Montana,32679,82.550121,-42.3082145
Samantha Rice,18,6995 Bradley Harbors,Oneillshire,Iowa,26589,-109.612043,-83.953902
Aaron Harris,18,09926 Keith Parkways,Paulland,Minnesota,81822,118.719975,-42.595890
Samantha Smith,18,2921 Cynthia Mount Suite 100,Lake Gabrielle,Washington,61077,25.538965,-48.080451
Debbie Jones,18,09508 Perez Views,Deborahview,Georgia,07942,107.735752,48.2516825
Ashley Hall,18,109 Parks Pines,Christopherside,Montana,42184,-160.369466,-27.5230235
Gina Murphy,18,89921 Courtney Junctions Apt. 968,Ianfort,Maryland,20499,-12.911961,-70.278916
Bailey Howard,18,15833 Ryan Dam,Joycemouth,Virginia,29769,67.304657,26.635331
Kristen Craig,18,30449 Kristen Forges Apt. 669,Parrishborough,Alaska,57767,-127.667646,-19.7682215
James Cox,18,0196 Heather Lakes Apt. 568,Mackenzieview,Pennsylvania,13855,19.670800,50.5907535
Steven Jackson,18,863 Smith Oval,Bradleychester,Montana,26666,2.561731,-8.9677615
Emily Ortiz,18,8735 Cameron Road,Port Kylie,North Dakota,33041,34.446909,44.483399
Angela Schmidt,18,56678 Joseph Greens Suite 250,Ericaburgh,West Virginia,44699,17.987892,-51.017492
Andrew Conner,18,384 Terrance Locks,Lake Johnport,Washington,09921,122.054322,72.6289235
Jeffrey Brown,18,80622 Hernandez Dam,West Rebekahfort,Missouri,34989,74.646354,-81.556395
Kimberly Woodward,18,4114 Melissa Estate Apt. 417,Burkeland,Nevada,30904,6.048536,83.529925
Stephanie Rodriguez,18,75973 Simon Way Suite 897,Gavinbury,Arizona,38748,-124.320675,0.364860
Lance Ross,18,1801 Stone Tunnel,Brianashire,Nebraska,32581,-36.785219,-69.5470995
Dr. Charles Carter Jr.,18,096 Hannah Trail,Port Amanda,Nebraska,43332,103.632029,27.815787
John Park,18,803 Thompson Hill,Garciafort,Georgia,54614,-123.704963,72.266331
John Green,18,54106 Joseph Park Suite 661,Jessicamouth,Ohio,55131,128.716183,-84.951628
David Gamble,18,68013 Paul Meadows,West Stacy,Washington,51581,75.685408,2.5468945
Christopher Cline,18,2167 Eric Parks,East Jeffrey,Kentucky,15833,117.161265,52.1878475
Kimberly Carpenter,18,3471 Bryan Mission,Ianborough,Mississippi,08022,-69.418684,-6.6293435
Shawn Miles,18,534 Sean Harbors,Port Kristen,West Virginia,74882,20.965461,62.774208
Timothy Stewart,18,960 Erika Drive Suite 387,Elijahstad,Montana,21504,151.476730,-51.3651085
Michael Ruiz,18,41687 Miles Mall,New Brianchester,New York,90184,-104.920525,-4.2574495
Ashley Garrison,18,05265 Holden Canyon,Galvanton,Arizona,88790,71.289817,-53.836551
Theodore Baker,18,892 Jones Radial,Jonesfort,Michigan,60371,-32.909726,-28.1260985
Andrew Joseph,18,2040 Arthur Inlet Apt. 785,Graymouth,Vermont,02509,-20.746221,51.6462355
Aaron Nash,18,85455 Alexander Estates Suite 470,East Thomasburgh,Virginia,38509,177.531326,-28.840494
Hannah Mays,18,65540 Ford Via Suite 505,Yvetteton,Tennessee,67800,32.170201,36.1152595
Monica Calderon,18,90699 Whitney View Apt. 630,Coxstad,Indiana,80958,85.861291,-69.500205
James Harris,18,860 Ann Springs,Nguyenview,North Carolina,73881,-96.653913,85.0294805
James Chase,18,727 Ramirez Trace,Berryshire,Texas,18479,11.669001,21.6710645
Kendra Fleming,18,06070 Thomas Passage,Paulaton,Nebraska,68441,-78.732728,77.4855905
Scott West,18,464 Shannon Center Apt. 467,New Melanieland,South Carolina,77160,76.204812,-33.3114445
Robin Kemp,18,4229 Rivera Island,Port William,California,75500,110.996168,29.7514085
Brian Colon,18,034 Miller Tunnel Suite 533,South George,Delaware,37899,-71.093369,19.6033945
Brian Mcdonald,18,931 Elizabeth Gardens,New Dana,Connecticut,70868,152.692583,-13.5127475
Tony Harmon,18,9398 Garner Square Suite 219,East Rebecca,Louisiana,86314,-142.162676,62.719016
Stephanie Armstrong,18,2922 Jones Stream,Port Elizabeth,South Carolina,25112,-174.134481,59.180080
Lauren Smith,18,59825 Silva Islands,Port Elizabeth,Delaware,90115,160.871675,-26.565722
Breanna Rhodes,18,4813 Mark Orchard,New Sharonton,Wyoming,94638,-95.640569,-33.8807095
Kimberly Harris,18,1364 Elizabeth Cove,Collinsland,Maryland,89919,88.197170,-69.5275485
Wyatt Allen,18,85456 Hoover Way,East Sandrahaven,Maryland,24943,-139.684683,0.6312825
Keith Sanchez,18,469 Rachel Corners,Lewisport,Georgia,43287,-43.645456,46.150965
Cassie Mathews,18,18900 Cannon Terrace Suite 835,Salazarmouth,Maine,62635,109.600523,77.707694
Jacob Reed,18,178 Williams Knoll,East Kellyland,Wyoming,17874,129.973796,-45.4653105
Eric Anderson,18,446 Anthony Oval Suite 275,Port Philip,New Hampshire,46452,85.502820,87.3297595
Bryan Burke,18,0344 Julie Walk,Port Ashleyport,New Jersey,74338,64.092528,26.8661235
Tamara Dunn,18,8027 Martinez Extensions Suite 507,Port Stephaniefurt,Alabama,54101,2.221144,27.388146
Cassandra Benitez,18,111 Jonathan Lodge,East Joshua,Wisconsin,60552,-89.053253,25.026159
Donald Russo,18,43953 Austin Expressway Suite 275,Timothytown,Kansas,96642,-142.369494,70.1054605
Julian Ortega,18,7295 Hicks River,Lake Karen,Michigan,84154,42.567805,18.239104
Brian Fisher,18,66393 Henry Ville Suite 254,Maryborough,Nevada,89757,-31.345930,42.3364805
Michelle Sawyer,18,4467 Sarah Pines Apt. 118,South Gail,Kansas,93603,-70.086376,-60.437066
George Smith,18,9224 Rodriguez Manors Suite 357,Lake Alison,Nebraska,43703,-162.579407,-9.858457
Kimberly Graham,18,28585 Ali Port,West Seanhaven,West Virginia,03700,176.170966,-20.5299055
James Dillon,18,936 Evelyn Branch,Michaelton,Washington,22152,-101.732990,1.5505965
Haley Walker,18,681 Nathan Grove Suite 441,Port Ashley,Nevada,14987,-139.382189,-34.969468
Emily Cooper,18,3929 Jeffrey Drive Apt. 132,Matthewview,Wisconsin,24135,-13.685067,82.2447885
April Allen,18,134 Cross Square Apt. 167,Lake Ellenberg,Hawaii,10770,124.265561,-81.6103595
Jacob Miller,18,161 Tony Garden,Benjaminton,Vermont,92566,9.093677,-18.0725295
Jennifer Price,18,17055 Morris Rapid,South Morgan,Alaska,93197,-115.870953,-2.8118995
Daisy Turner,18,46628 Marsh Field,Lake Carlaborough,Virginia,65186,-133.739110,-67.665117
Michelle Johnson,18,3113 Jeremy Spurs Suite 406,South Colin,Kentucky,33555,-169.698387,-26.4424385
Mark Carroll,18,38545 Jefferson Isle Apt. 339,Kimbury,Montana,00504,148.832171,16.796164
Haley Nelson,18,77712 Barbara Ways Suite 954,Lake Jefferyview,Kentucky,43865,-105.376604,-3.248560
Jason Jenkins,18,8029 William Trace,Lake Monicaland,Connecticut,46732,59.313913,37.9538215
Daniel Clark,18,29381 Jonathan Spurs Apt. 035,South Ashleybury,California,21472,177.340405,-64.892974
Melissa Park,18,56019 Barbara Isle Apt. 953,Morrisonburgh,Connecticut,80483,73.731552,-56.2452035
Mary Jennings,18,803 Hughes Row,Scottville,Kentucky,35730,-55.511388,-45.0529285
Lisa Ruiz,18,654 Andre Field Suite 408,North Katherineburgh,Illinois,29893,-10.640193,60.5772885
Brian Scott,18,0166 Miller Way Apt. 791,South Andrew,Wisconsin,73509,127.338056,61.156958
Matthew Frank,18,356 Amber Springs,Lake Victor,Idaho,06118,149.960149,34.916973
Barbara Knight,18,14170 Mcmillan Cape Apt. 809,Lake Justin,Georgia,60394,31.782861,-39.513608
Regina Ballard,18,923 Carlos View,Mackenziefurt,Alabama,63038,21.510134,87.964484
Suzanne Bowen,18,89107 Barker Greens,Duncanburgh,New Jersey,73162,4.141078,-83.3450925
Margaret Johnson,18,6375 Owen Vista,Wilsonside,New Hampshire,17762,99.565732,3.750391
Isabel Davis,18,79672 Holly Flats,Ginachester,Michigan,41345,99.303220,49.0299695
Julie Welch,18,668 Klein Course Apt. 019,Kingchester,Connecticut,35759,133.528931,14.7860475
Brian Curry,18,20383 Kevin Ford Apt. 499,Carlaview,Rhode Island,94342,-102.833581,-45.9022745
Matthew Robinson,18,179 Melissa Crossing,Priceville,Idaho,76043,-152.522262,-85.952129
Gabriel Harris,18,18720 George Highway,Santiagoberg,North Dakota,17619,85.759469,-85.4682515
Joseph Torres,18,68594 Robinson Plaza Suite 955,Walshbury,Michigan,68146,140.329728,34.4162465
Jennifer Dixon,18,572 Nunez Park Suite 335,Robertton,Tennessee,30909,-10.622387,54.321451
David Dean,18,13315 Cohen Road,Nathanielville,Pennsylvania,28129,-150.194580,-29.377031
Mark Lynch,18,4871 Simpson Falls Apt. 424,Grayshire,South Dakota,08766,-59.759993,72.7319385
Christian Thompson,18,1282 Brandon Groves Suite 589,South Carolstad,Oregon,15943,-129.217786,-36.9311785
Thomas Williams,18,80286 Curtis Well Suite 334,East Jamesshire,Minnesota,03997,171.681703,-38.7402535
Rachel Payne,18,26943 Cook Path Suite 732,West Sarah,North Carolina,76297,-141.648578,28.513241
Kathy Green,18,20976 Gilbert Extensions Suite 507,North Lindsayborough,Arkansas,89413,-57.199443,49.494701
Todd Martinez,18,79981 Daugherty Green,Hernandezland,Washington,51077,-67.464885,82.2634525
Charles Vega,18,786 Young Brooks,Ambertown,Iowa,79257,-133.257350,-61.326223
Timothy Lin,18,4454 Greene Springs Apt. 897,East Carrie,Louisiana,18765,-91.754848,11.7082115
Kathleen Sanchez,18,90668 Oneill Plains,East Isabella,Alabama,09290,-136.733743,-66.5147295
David Murphy,18,2256 Torres Parks Apt. 766,Joneshaven,Arkansas,51996,136.730199,18.376373
Michael Campbell,18,37258 William Ports,South Normanside,Maine,15656,-10.445326,-3.713914
Jared Miranda,18,00188 Gail Way Suite 912,Jamesbury,Louisiana,17536,-73.507760,10.7784175
Brett Brown,18,42058 Ramos Curve Apt. 913,Lake Kimberly,Wyoming,94223,-18.185191,17.166738
Trevor Williamson,18,860 Henry Greens,West Christopher,New Jersey,08951,76.995793,15.3932325
Nancy Martinez,18,549 Rebecca Common Suite 316,East Susanshire,Vermont,31201,-64.728623,0.0939475
Nicole Owen,18,80179 Alexis Branch Apt. 120,East Kyle,Oregon,74385,76.066184,58.2386915
Mr. Mario Hart MD,18,1460 Reed Stream,Michellebury,Alaska,23468,-135.572205,48.8648795
Kelly Jackson,18,82316 Pearson Circle,West Frederickmouth,Texas,88389,-76.078475,-26.3413605
Tyler Gonzalez,18,0497 Matthew Course Suite 342,Gardnermouth,Wisconsin,88951,55.597465,-44.469178
Kayla Bowers,18,916 David Extensions,Combsstad,Nevada,89472,81.424212,-7.3093205
Daniel Coleman,18,82479 Paul Heights,Shaunborough,New York,04395,-48.264384,7.036417
Jean Pratt,18,772 Eric Mission Apt. 473,Nicholsborough,South Carolina,83696,171.308344,85.315460
Thomas Monroe,18,9594 David Oval,Nelsonside,Colorado,51902,172.485747,32.8465755
Sandra Rogers,18,3615 Linda Vista,Brownfort,Maine,39483,158.938962,77.500895
Alec Williams,18,8328 Jones Lake Suite 940,Samuelmouth,Idaho,85161,105.338195,-20.1278845
David Torres,18,3436 Brown Flats Apt. 919,South Douglasfurt,New Jersey,88667,-169.090835,20.4014365
Jessica Armstrong,18,209 Jason Grove Suite 958,Reginamouth,Connecticut,94760,94.515708,4.146218
Gail Soto,18,0030 Stone Rapid Suite 434,Sellersmouth,Maryland,92783,149.742427,-6.4790955
Mark Mitchell,18,565 Gary Common Suite 138,Tylerchester,Arizona,11287,68.061803,69.747203
Barbara Porter,18,4769 Martin Creek Suite 267,Lake Mary,New Hampshire,80132,-144.903124,-3.0096175
Matthew Gutierrez,18,1851 Kyle Hollow,Mitchellport,Connecticut,38352,-71.671815,-5.8381405
April Jenkins,18,8589 Michael Alley Suite 701,Tinaton,California,10287,-167.580469,-65.949054
Paula Brown,18,25178 Michael Land,Hendrixside,Florida,82324,97.154673,49.536455
Jason Smith,18,61965 Kathleen Garden,West Reneeport,Nevada,07397,-33.362515,69.566214
Justin Sanchez,18,15081 Ashley Parkways,Lake Jacquelineburgh,South Carolina,69554,-36.435180,-46.9854125
James Peters,18,83104 Daniel Overpass Suite 327,New Melindastad,Vermont,01549,-143.985437,48.1791965
Catherine Avery,18,514 Jenna Flats,West Rosshaven,North Dakota,47927,148.345395,36.300458
Natasha Valenzuela,18,2273 Gutierrez Fall,Castrostad,California,40812,63.120087,-14.834392
Catherine Preston,18,417 Ashlee Branch,North Wesley,Wyoming,69414,89.244116,-75.0483115
Isabella Tyler,18,934 Johnson Mountains,West Jenniferville,Mississippi,99119,-23.587006,22.611054
Michele Snow,18,895 Bender Square,Lake Justinhaven,Kansas,44358,-109.294573,-42.706412
David Williamson,18,00359 Tammie Parkways Apt. 001,Turnerland,Kentucky,26339,-28.355733,17.684687
Mrs. Dana Wright MD,18,6869 Owens Spurs,West Amandamouth,Missouri,43677,30.850062,-34.268481
Robert Bell,18,0448 Davis Plains,Lawrencemouth,Oregon,62330,-91.726439,62.202848
Mr. Christian Barnes,18,5864 Megan Gateway Suite 361,East Katieside,Tennessee,68657,-13.837512,-33.453877
Jonathan Golden,18,787 Thomas Fort,Swansonshire,California,45484,40.548776,71.2055395
Joshua Cruz,18,14345 Sanchez Extensions,Port Sandraport,Oregon,05533,159.655732,13.7056795
Derrick Le,18,770 Alex Rapid,Tateport,Massachusetts,24726,-131.607729,-29.1564025
Elizabeth Ferguson,18,744 Cox Bridge Apt. 176,Claytonville,North Carolina,66993,-155.072923,45.671305
Brian Moyer,18,225 Mann Ridge,Kingborough,Florida,35290,177.272595,35.082500
Angela Vega,18,150 Kathleen Fort,Danaton,South Carolina,08412,16.914825,86.9844305
Brittany York,18,7727 Amber Roads Suite 408,New Cynthia,Arkansas,45732,-97.444010,60.943142
Michael Morales,18,151 Yoder Flat Suite 083,Anthonytown,North Carolina,52720,-10.136039,34.889966
Jennifer Hall,18,65566 Wilson Loaf,Lake Renee,Rhode Island,95788,40.055616,5.6771175
Patricia Mathews,18,82698 Sullivan Square Suite 998,North Markbury,West Virginia,02929,-40.145428,-70.995196
Edward Fischer,18,7662 Barbara Mountain Apt. 098,New Donna,New Jersey,49430,-156.017342,-2.740084
Teresa Jordan,18,772 Long Causeway,Port Patricia,Maryland,48179,139.234803,7.912950
Carol Rodriguez,18,5037 Billy Park Apt. 952,New Joseph,Arizona,59810,-176.937351,-30.9749325
Shannon Livingston,18,50350 Johnston Vista,South Judith,Massachusetts,98046,-4.787739,29.897471
Hannah Stewart,18,664 Jacqueline Lodge Apt. 478,Lake Nicolestad,Louisiana,05061,4.798370,12.171467
Tabitha Short,18,70039 Greene Views Suite 389,Johnnybury,Maine,21450,-126.023096,9.0143205
Kathryn Lawrence,18,49628 Debra Rapid,Port Marymouth,Arizona,94530,-108.202216,39.1341325
Kelly Branch,18,33266 Kirk Station,Rangelside,Massachusetts,52029,117.437073,-52.6384955
Jeffrey Wood,18,792 Roy Parkway Apt. 254,West Leslie,Alabama,64552,67.650845,75.7315235
Anna Ball,18,69371 Elizabeth Inlet,Port Natasha,Pennsylvania,36797,42.082377,74.0364915
Michael Stone,18,415 Gutierrez Junctions Apt. 214,Port Michaeltown,West Virginia,41245,12.475602,86.0337335
John Brown,18,44696 Wright Court Suite 488,Josephfurt,Virginia,76111,-97.612630,-26.1348655
John Bender,18,658 Daniel Trail Apt. 164,Sanchezshire,Michigan,22755,73.056447,-19.658490
Christopher Webb,18,0211 King Parks Suite 982,South Stevenfort,Alabama,00664,142.874446,6.8630925
Judith Castillo,18,22280 Johnston Plains,Castroborough,Montana,33421,114.102482,-61.757496
Nicholas Branch,18,341 Wright Freeway,East Markstad,Rhode Island,87165,4.289823,49.969995
Travis Blake,18,97501 Devin Circles Suite 984,Lake Craig,New Hampshire,70097,-135.844591,85.210440
Gerald Aguilar,18,3796 Anthony Road,Cameronfurt,New Mexico,32183,-171.107940,78.078300
James Bailey,18,873 Lori Divide,North Barry,Arkansas,66754,-21.427504,50.108487
Sharon Erickson,18,55192 Julie Junction Apt. 795,Robertfort,South Dakota,83166,48.867387,0.3248615
Eugene Boyd,18,381 Weber Canyon Suite 995,North Casey,New York,76666,14.076311,10.4983705
Nicholas Warren,18,2655 Laura Wall,Lake Jefferyport,California,93530,101.659330,47.0761965
Seth Gordon,18,77899 Johnathan Hollow Suite 316,Harrisfort,Virginia,74298,84.939311,-9.5790655
Christopher Hale,18,1110 Hernandez Orchard,South Tiffany,Arizona,48327,-40.731859,-31.056993
Wendy Dixon,18,8244 Jason Wells Suite 745,Huynhmouth,Maryland,20279,-173.597829,4.3915735
Victoria Bond,18,6466 Alice Loop,North Dawn,Idaho,35755,172.458736,10.815708
Alexander Powell,18,0610 Robert Overpass,Smithstad,Arizona,13588,10.492764,63.570215
Pamela Hernandez,18,20941 Mark Walks Apt. 945,Lake Donaldchester,Nevada,66089,-46.780019,-79.4631395
Rachel Carpenter,18,74227 Joshua Light,South Audrey,Alabama,03786,-110.453026,51.6279535
Nathan Martin,18,2688 John Vista,Michaelside,West Virginia,10521,110.082430,48.936867
Nicole Potter,18,7800 Jeremy Turnpike Apt. 878,Elizabethside,Tennessee,50799,-79.699220,44.1478025
Eric Pena,18,30016 Mcdaniel Bypass,Susanton,North Carolina,02138,157.242698,-19.7445455
Victoria Smith,18,51018 Charles Village Apt. 763,Mcgrathchester,Maryland,40637,-94.239057,-50.5364855
Donna Brooks,18,32414 Lee Rapid Apt. 193,Matthewchester,Arizona,07422,170.985908,-71.4000525
Natalie White,18,61801 Morris Walk Apt. 380,Wrightbury,Alabama,38587,-64.756296,74.0208835
Brandon Dunn,18,83904 Patricia Ville Suite 263,Stevenview,Hawaii,48555,160.776180,62.8189555
Michael Johnson,18,0319 Valerie Viaduct Suite 743,Jennyside,Colorado,63608,13.556807,-4.3124985
Brandon Richmond,18,29998 Stanley Forest,Briannashire,Arkansas,19529,-173.264988,-18.4630215
Rodney Waller,18,8222 Anthony Club Apt. 407,Alanfort,Arkansas,87796,122.741738,-79.0358345
Jerry Mendoza,18,7084 Matthew Estates Suite 746,West Derektown,Minnesota,25311,173.829754,19.0569985
Miranda Weaver,18,8832 Walters Manor Suite 568,East Johnchester,Vermont,57080,169.374238,-86.5338985
Julie Duncan,18,4180 Barnes Dam,Brianfurt,Washington,35870,170.480435,-41.9947645
Brent Hoffman,18,18233 Melissa Mount,West Josephport,Idaho,27452,-48.848781,26.3168095
William Cross,18,52902 Daniel Prairie,Lake Bethany,Wisconsin,29807,-126.514271,8.6076885
Kimberly Wilson,18,263 Sally Path Suite 765,Kimview,California,16750,-173.973761,-6.195472
Mary Patterson,18,7468 Gill Forge,Carolburgh,New Jersey,47630,-152.899359,7.4531475
Samantha Walker,18,171 French Unions Apt. 540,Taylorside,Connecticut,79682,-57.216778,62.751267
John Bell,18,20501 Kelly Brooks Apt. 248,South Kennethberg,Maine,13283,-91.784559,62.9013255
Lisa Young,18,553 Ortiz Fields Apt. 741,North Laurenburgh,Alabama,19935,153.061813,81.5052745
Mia Johnson,18,6535 Maria Lights,Samuelshire,Wyoming,48861,167.609782,-42.7225345
Rachel Robinson,18,403 Hill Turnpike Apt. 977,Lake Karl,Delaware,63381,-115.390767,-38.707697
Randy Benson,18,513 Sarah Motorway,Peterton,Utah,67582,-138.835692,-28.151130
Meghan Edwards,18,2797 Jasmine Cliff Apt. 902,Clarkchester,Indiana,63048,165.158829,73.2469135
Joseph Jenkins,18,93142 Simmons Squares,West Wanda,New Mexico,67546,125.511989,-70.574673
Barbara Mason,18,205 Christopher Common Apt. 841,Paulaview,Oregon,13158,96.882556,53.982269
Ashley Munoz,18,83333 Olson Vista Apt. 260,East Stacy,Florida,04805,-97.198274,-85.1707025
Stephen Tran,18,31010 Harrington Parkways,West Lynnmouth,Ohio,40243,2.783900,-59.380654
Ronald Wilson,18,1823 Sanchez Track Apt. 758,Hawkinstown,Colorado,95757,75.234425,-63.792237
Angela Ibarra,18,248 Whitehead Crossing Suite 400,New Kelly,California,64129,-13.663121,18.423477
Erica Wells,18,630 Brown Junction Suite 074,Port Victoriaborough,Washington,17178,162.058324,7.2497335
Raymond Fisher,18,0665 Michael Parkways,Lisaside,Ohio,89340,-154.303851,-62.6064225
